Country,iso3,year,Numeric,code,ginicoefficient,Alpha2code,track5
Albania,ALB,2016,008,ALB,.33736297,AL,0
Albania,ALB,2014,008,ALB,.34598896,AL,0
Albania,ALB,2019,008,ALB,.30115768,AL,0
Albania,ALB,1996,008,ALB,.27010342,AL,0
Albania,ALB,2020,008,ALB,.29419631,AL,0
Albania,ALB,2017,008,ALB,.33055663,AL,0
Albania,ALB,2002,008,ALB,.31738979,AL,0
Albania,ALB,2015,008,ALB,.32753733,AL,0
Albania,ALB,2012,008,ALB,.28960484,AL,0
Albania,ALB,2018,008,ALB,.30148283,AL,0
Albania,ALB,2005,008,ALB,.30595654,AL,0
Albania,ALB,2008,008,ALB,.29984671,AL,0
Algeria,DZA,1988,012,DZA,.40194908,DZ,0
Algeria,DZA,2011,012,DZA,.27615732,DZ,0
Algeria,DZA,1995,012,DZA,.35330054,DZ,0
Angola,AGO,2018,024,AGO,.51272112,AO,0
Angola,AGO,2008,024,AGO,.42715514,AO,0
Angola,AGO,2000,024,AGO,.51956892,AO,0
Argentina,ARG,1993,032,,.44856286,AR,0
Argentina,ARG,2001,032,,.53343105,AR,0
Argentina,ARG,2016,032,,.42346618,AR,0
Argentina,ARG,2002,032,,.53793758,AR,0
Argentina,ARG,2019,032,,.43315876,AR,0
Argentina,ARG,2009,032,,.43761444,AR,0
Argentina,ARG,1986,032,,.42808887,AR,0
Argentina,ARG,2020,032,,.42746672,AR,0
Argentina,ARG,1994,032,,.45916805,AR,0
Argentina,ARG,1987,032,,.45276365,AR,0
Argentina,ARG,1998,032,,.50733644,AR,0
Argentina,ARG,2018,032,,.41720384,AR,0
Argentina,ARG,2014,032,,.41824281,AR,0
Argentina,ARG,1980,032,,.4083086,AR,0
Argentina,ARG,1991,032,,.46761739,AR,0
Argentina,ARG,2000,032,,.51063955,AR,0
Argentina,ARG,2008,032,,.44989461,AR,0
Argentina,ARG,2003,032,,.5100289,AR,0
Argentina,ARG,1997,032,,.49110475,AR,0
Argentina,ARG,2010,032,,.43678299,AR,0
Argentina,ARG,1996,032,,.49524429,AR,0
Argentina,ARG,2005,032,,.47814304,AR,0
Argentina,ARG,2013,032,,.41088316,AR,0
Argentina,ARG,2017,032,,.41436398,AR,0
Argentina,ARG,1999,032,,.49792042,AR,0
Argentina,ARG,2004,032,,.48488316,AR,0
Argentina,ARG,2011,032,,.42739391,AR,0
Argentina,ARG,1992,032,,.45468092,AR,0
Argentina,ARG,2006,032,,.46446869,AR,0
Argentina,ARG,2007,032,,.46286175,AR,0
Argentina,ARG,1995,032,,.48904404,AR,0
Argentina,ARG,2012,032,,.4143858,AR,0
Argentina,ARG,2021,032,,.42446807,AR,0
Argentina,ARG,2022,032,,.40737742,AR,0
Armenia,ARM,2021,051,ARM,.2794013,AM,0
Armenia,ARM,2013,051,ARM,.30579662,AM,0
Armenia,ARM,2007,051,ARM,.31226057,AM,0
Armenia,ARM,2009,051,ARM,.28015879,AM,0
Armenia,ARM,2008,051,ARM,.29188141,AM,0
Armenia,ARM,2012,051,ARM,.29602262,AM,0
Armenia,ARM,2017,051,ARM,.33621839,AM,0
Armenia,ARM,2010,051,ARM,.29992583,AM,0
Armenia,ARM,2005,051,ARM,.35992354,AM,0
Armenia,ARM,2019,051,ARM,.30031213,AM,0
Armenia,ARM,2004,051,ARM,.37505633,AM,0
Armenia,ARM,2002,051,ARM,.34779674,AM,0
Armenia,ARM,2015,051,ARM,.32356772,AM,0
Armenia,ARM,2022,051,ARM,.27945295,AM,0
Armenia,ARM,2016,051,ARM,.32547948,AM,0
Armenia,ARM,2003,051,ARM,.33028087,AM,0
Armenia,ARM,2001,051,ARM,.3536436,AM,0
Armenia,ARM,2011,051,ARM,.29352945,AM,0
Armenia,ARM,1999,051,ARM,.36219725,AM,0
Armenia,ARM,2018,051,ARM,.34433499,AM,0
Armenia,ARM,2020,051,ARM,.25131604,AM,0
Armenia,ARM,2006,051,ARM,.29709986,AM,0
Armenia,ARM,2014,051,ARM,.3148329,AM,0
Australia,AUS,1981,036,AUS,.31325787,AU,0
Australia,AUS,2016,036,AUS,.33685809,AU,0
Australia,AUS,2018,036,AUS,.34333763,AU,0
Australia,AUS,2010,036,AUS,.34656727,AU,0
Australia,AUS,1995,036,AUS,.32581991,AU,0
Australia,AUS,2004,036,AUS,.3305741,AU,0
Australia,AUS,2001,036,AUS,.33464798,AU,0
Australia,AUS,2003,036,AUS,.33500516,AU,0
Australia,AUS,1985,036,AUS,.32497686,AU,0
Australia,AUS,1989,036,AUS,.33153835,AU,0
Australia,AUS,2008,036,AUS,.35428509,AU,0
Australia,AUS,2014,036,AUS,.34399432,AU,0
Austria,AUT,2011,040,AUT,.30801669,AT,0
Austria,AUT,2016,040,AUT,.30797073,AT,0
Austria,AUT,2015,040,AUT,.30532774,AT,0
Austria,AUT,2005,040,AUT,.28715435,AT,0
Austria,AUT,2010,040,AUT,.30252263,AT,0
Austria,AUT,2007,040,AUT,.30579996,AT,0
Austria,AUT,1999,040,AUT,.29670539,AT,0
Austria,AUT,2000,040,AUT,.28964692,AT,0
Austria,AUT,1995,040,AUT,.29914328,AT,0
Austria,AUT,2004,040,AUT,.29788989,AT,0
Austria,AUT,2014,040,AUT,.30535683,AT,0
Austria,AUT,2008,040,AUT,.30437386,AT,0
Austria,AUT,1997,040,AUT,.29065368,AT,0
Austria,AUT,2013,040,AUT,.30753133,AT,0
Austria,AUT,2003,040,AUT,.29466078,AT,0
Austria,AUT,2018,040,AUT,.30848789,AT,0
Austria,AUT,1996,040,AUT,.29317808,AT,0
Austria,AUT,2020,040,AUT,.29801792,AT,0
Austria,AUT,1994,040,AUT,.3082802,AT,0
Austria,AUT,2012,040,AUT,.30476317,AT,0
Austria,AUT,2009,040,AUT,.31496233,AT,0
Austria,AUT,1998,040,AUT,.31340772,AT,0
Austria,AUT,2019,040,AUT,.30211553,AT,0
Austria,AUT,2021,040,AUT,.30702227,AT,0
Austria,AUT,2017,040,AUT,.29737586,AT,0
Austria,AUT,2006,040,AUT,.29587582,AT,0
Azerbaijan,AZE,1995,031,AZE,.34650284,AZ,0
Azerbaijan,AZE,2003,031,AZE,.26832879,AZ,0
Azerbaijan,AZE,2001,031,AZE,.36454937,AZ,0
Azerbaijan,AZE,2005,031,AZE,.26554906,AZ,0
Azerbaijan,AZE,2004,031,AZE,.26621592,AZ,0
Azerbaijan,AZE,2002,031,AZE,.25277665,AZ,0
Bangladesh,BGD,2016,050,BGD,.32385272,BD,0
Bangladesh,BGD,1985,050,BGD,.26917496,BD,0
Bangladesh,BGD,1983,050,BGD,.25876489,BD,0
Bangladesh,BGD,1991,050,BGD,.27570805,BD,0
Bangladesh,BGD,2010,050,BGD,.32130319,BD,0
Bangladesh,BGD,2000,050,BGD,.33406532,BD,0
Bangladesh,BGD,2022,050,BGD,.33373156,BD,0
Bangladesh,BGD,1988,050,BGD,.28846547,BD,0
Bangladesh,BGD,2005,050,BGD,.33201292,BD,0
Bangladesh,BGD,1995,050,BGD,.32942984,BD,0
Belarus,BLR,2019,112,BLR,.25277847,BY,0
Belarus,BLR,2002,112,BLR,.30336243,BY,0
Belarus,BLR,2007,112,BLR,.2961238,BY,0
Belarus,BLR,2005,112,BLR,.27553409,BY,0
Belarus,BLR,2008,112,BLR,.27826044,BY,0
Belarus,BLR,2006,112,BLR,.28275442,BY,0
Belarus,BLR,1999,112,BLR,.31738147,BY,0
Belarus,BLR,2009,112,BLR,.27689305,BY,0
Belarus,BLR,2018,112,BLR,.25240526,BY,0
Belarus,BLR,2012,112,BLR,.26526198,BY,0
Belarus,BLR,2017,112,BLR,.2544457,BY,0
Belarus,BLR,2001,112,BLR,.30576724,BY,0
Belarus,BLR,2000,112,BLR,.31167483,BY,0
Belarus,BLR,2011,112,BLR,.2715255,BY,0
Belarus,BLR,2015,112,BLR,.25633225,BY,0
Belarus,BLR,2016,112,BLR,.25306615,BY,0
Belarus,BLR,2014,112,BLR,.27176666,BY,0
Belarus,BLR,2010,112,BLR,.28566599,BY,0
Belarus,BLR,1998,112,BLR,.32018349,BY,0
Belarus,BLR,2013,112,BLR,.26575053,BY,0
Belarus,BLR,2004,112,BLR,.26479885,BY,0
Belarus,BLR,2003,112,BLR,.28821012,BY,0
Belarus,BLR,2020,112,BLR,.24383356,BY,0
Belgium,BEL,2007,056,BEL,.29237974,BE,0
Belgium,BEL,2008,056,BEL,.2837401,BE,0
Belgium,BEL,2011,056,BEL,.28060696,BE,0
Belgium,BEL,2009,056,BEL,.28551349,BE,0
Belgium,BEL,2021,056,BEL,.26577732,BE,0
Belgium,BEL,2017,056,BEL,.27387968,BE,0
Belgium,BEL,2016,056,BEL,.27580982,BE,0
Belgium,BEL,2005,056,BEL,.29337329,BE,0
Belgium,BEL,1995,056,BEL,.28412268,BE,0
Belgium,BEL,2010,056,BEL,.2837519,BE,0
Belgium,BEL,2006,056,BEL,.28054497,BE,0
Belgium,BEL,2004,056,BEL,.30541503,BE,0
Belgium,BEL,2018,056,BEL,.27214414,BE,0
Belgium,BEL,2003,056,BEL,.28143948,BE,0
Belgium,BEL,2014,056,BEL,.28134146,BE,0
Belgium,BEL,1985,056,BEL,.25203851,BE,0
Belgium,BEL,2000,056,BEL,.3313756,BE,0
Belgium,BEL,1992,056,BEL,.24951877,BE,0
Belgium,BEL,2019,056,BEL,.27219802,BE,0
Belgium,BEL,1997,056,BEL,.26832563,BE,0
Belgium,BEL,1988,056,BEL,.25714684,BE,0
Belgium,BEL,2020,056,BEL,.25958329,BE,0
Belgium,BEL,2013,056,BEL,.276692,BE,0
Belgium,BEL,2012,056,BEL,.27491096,BE,0
Belgium,BEL,2015,056,BEL,.27729464,BE,0
Belize,BLZ,1999,084,BLZ,.53262764,BZ,0
Belize,BLZ,1996,084,BLZ,.56593686,BZ,0
Belize,BLZ,1997,084,BLZ,.60425317,BZ,0
Belize,BLZ,1993,084,BLZ,.60253984,BZ,0
Belize,BLZ,1998,084,BLZ,.54906029,BZ,0
Belize,BLZ,1994,084,BLZ,.60908431,BZ,0
Benin,BEN,2015,204,BEN,.47755915,BJ,0
Benin,BEN,2021,204,BEN,.34395808,BJ,0
Benin,BEN,2011,204,BEN,.43439707,BJ,0
Benin,BEN,2003,204,BEN,.385782,BJ,0
Benin,BEN,2018,204,BEN,.37948644,BJ,0
Bhutan,BTN,2012,064,BTN,.38809326,BT,0
Bhutan,BTN,2022,064,BTN,.28459921,BT,0
Bhutan,BTN,2007,064,BTN,.38090771,BT,0
Bhutan,BTN,2003,064,BTN,.40898001,BT,0
Bhutan,BTN,2017,064,BTN,.37441409,BT,0
Bolivia (Plurinational State of),BOL,2005,068,BOL,.58527935,BO,0
Bolivia (Plurinational State of),BOL,1999,068,BOL,.58097047,BO,0
Bolivia (Plurinational State of),BOL,2015,068,BOL,.46732494,BO,0
Bolivia (Plurinational State of),BOL,2002,068,BOL,.59311038,BO,0
Bolivia (Plurinational State of),BOL,2009,068,BOL,.49222964,BO,0
Bolivia (Plurinational State of),BOL,2008,068,BOL,.50816083,BO,0
Bolivia (Plurinational State of),BOL,1992,068,,.49110052,BO,0
Bolivia (Plurinational State of),BOL,2020,068,BOL,.43645486,BO,0
Bolivia (Plurinational State of),BOL,2001,068,BOL,.57398796,BO,0
Bolivia (Plurinational State of),BOL,2011,068,BOL,.46080953,BO,0
Bolivia (Plurinational State of),BOL,2007,068,BOL,.5453707,BO,0
Bolivia (Plurinational State of),BOL,2000,068,BOL,.61639917,BO,0
Bolivia (Plurinational State of),BOL,1997,068,BOL,.5816443,BO,0
Bolivia (Plurinational State of),BOL,2018,068,BOL,.42579758,BO,0
Bolivia (Plurinational State of),BOL,2012,068,BOL,.46581927,BO,0
Bolivia (Plurinational State of),BOL,2016,068,BOL,.45244002,BO,0
Bolivia (Plurinational State of),BOL,2017,068,BOL,.44618952,BO,0
Bolivia (Plurinational State of),BOL,2021,068,BOL,.40913323,BO,0
Bolivia (Plurinational State of),BOL,2004,068,BOL,.55009872,BO,0
Bolivia (Plurinational State of),BOL,1990,068,,.42035723,BO,0
Bolivia (Plurinational State of),BOL,2013,068,BOL,.47589034,BO,0
Bolivia (Plurinational State of),BOL,2006,068,BOL,.5666768,BO,0
Bolivia (Plurinational State of),BOL,2019,068,BOL,.41644758,BO,0
Bolivia (Plurinational State of),BOL,2014,068,BOL,.47830656,BO,0
Bosnia and Herzegovina,BIH,2004,070,BIH,.34037489,BA,0
Bosnia and Herzegovina,BIH,2007,070,BIH,.33061588,BA,0
Bosnia and Herzegovina,BIH,2011,070,BIH,.33030185,BA,0
Bosnia and Herzegovina,BIH,2001,070,BIH,.2996645,BA,0
Botswana,BWA,1993,072,BWA,.60790652,BW,0
Botswana,BWA,1985,072,BWA,.54212105,BW,0
Botswana,BWA,2015,072,BWA,.53325027,BW,0
Botswana,BWA,2009,072,BWA,.60459048,BW,0
Botswana,BWA,2002,072,BWA,.64731306,BW,0
Brazil,BRA,2018,076,BRA,.53892374,BR,0
Brazil,BRA,2022,076,BRA,.52019185,BR,0
Brazil,BRA,1986,076,BRA,.58464611,BR,0
Brazil,BRA,1990,076,BRA,.6048727,BR,0
Brazil,BRA,2016,076,BRA,.53371477,BR,0
Brazil,BRA,1989,076,BRA,.63295126,BR,0
Brazil,BRA,1995,076,BRA,.59569722,BR,0
Brazil,BRA,2017,076,BRA,.53325516,BR,0
Brazil,BRA,2005,076,BRA,.56316298,BR,0
Brazil,BRA,1985,076,BRA,.55586791,BR,0
Brazil,BRA,2004,076,BRA,.56478751,BR,0
Brazil,BRA,2003,076,BRA,.57562792,BR,0
Brazil,BRA,1999,076,BRA,.58991593,BR,0
Brazil,BRA,2002,076,BRA,.58113641,BR,0
Brazil,BRA,2020,076,BRA,.48903337,BR,0
Brazil,BRA,2007,076,BRA,.54927742,BR,0
Brazil,BRA,1982,076,BRA,.58417106,BR,0
Brazil,BRA,2015,076,BRA,.51930827,BR,0
Brazil,BRA,1993,076,BRA,.60118824,BR,0
Brazil,BRA,2008,076,BRA,.54043281,BR,0
Brazil,BRA,1981,076,BRA,.57930851,BR,0
Brazil,BRA,1997,076,BRA,.59799659,BR,0
Brazil,BRA,1983,076,BRA,.58988011,BR,0
Brazil,BRA,2009,076,BRA,.53687233,BR,0
Brazil,BRA,1992,076,BRA,.53172958,BR,0
Brazil,BRA,2006,076,BRA,.5564732,BR,0
Brazil,BRA,2014,076,BRA,.52033138,BR,0
Brazil,BRA,2013,076,BRA,.52686542,BR,0
Brazil,BRA,2012,076,BRA,.53439856,BR,0
Brazil,BRA,2021,076,BRA,.52942812,BR,0
Brazil,BRA,1998,076,BRA,.59607232,BR,0
Brazil,BRA,1988,076,BRA,.61428356,BR,0
Brazil,BRA,2019,076,BRA,.53513771,BR,0
Brazil,BRA,2011,076,BRA,.52947593,BR,0
Brazil,BRA,1996,076,BRA,.59888905,BR,0
Brazil,BRA,1984,076,BRA,.58376044,BR,0
Brazil,BRA,2001,076,BRA,.58413327,BR,0
Brazil,BRA,1987,076,BRA,.59692788,BR,0
Bulgaria,BGR,2014,100,BGR,.37418568,BG,0
Bulgaria,BGR,2015,100,BGR,.38567346,BG,0
Bulgaria,BGR,2007,100,BGR,.36095992,BG,0
Bulgaria,BGR,2018,100,BGR,.41284099,BG,0
Bulgaria,BGR,2010,100,BGR,.35653573,BG,0
Bulgaria,BGR,2013,100,BGR,.36573645,BG,0
Bulgaria,BGR,1992,100,BGR,.30714309,BG,0
Bulgaria,BGR,2020,100,BGR,.40523154,BG,0
Bulgaria,BGR,2016,100,BGR,.40591064,BG,0
Bulgaria,BGR,2006,100,BGR,.35702574,BG,0
Bulgaria,BGR,2012,100,BGR,.36013922,BG,0
Bulgaria,BGR,2009,100,BGR,.33823198,BG,0
Bulgaria,BGR,2017,100,BGR,.40379047,BG,0
Bulgaria,BGR,2011,100,BGR,.34278607,BG,0
Bulgaria,BGR,2008,100,BGR,.33573127,BG,0
Bulgaria,BGR,2021,100,BGR,.39005512,BG,0
Bulgaria,BGR,2019,100,BGR,.40271384,BG,0
Burkina Faso,BFA,2003,854,BFA,.43252513,BF,0
Burkina Faso,BFA,2018,854,BFA,.43016732,BF,0
Burkina Faso,BFA,1998,854,BFA,.49943969,BF,0
Burkina Faso,BFA,2021,854,BFA,.37391287,BF,0
Burkina Faso,BFA,2014,854,BFA,.35301226,BF,0
Burkina Faso,BFA,1994,854,BFA,.48072493,BF,0
Burkina Faso,BFA,2009,854,BFA,.39762238,BF,0
Burundi,BDI,1992,108,BDI,.33333811,BI,0
Burundi,BDI,2006,108,BDI,.33359864,BI,0
Burundi,BDI,2013,108,BDI,.3862482,BI,0
Burundi,BDI,2020,108,BDI,.37456509,BI,0
Burundi,BDI,1998,108,BDI,.42316526,BI,0
Cabo Verde,CPV,2001,132,CPV,.52496302,CV,0
Cabo Verde,CPV,2015,132,CPV,.42381087,CV,0
Cabo Verde,CPV,2007,132,CPV,.47187388,CV,0
Cameroon,CMR,2014,120,CMR,.46640873,CM,0
Cameroon,CMR,2001,120,CMR,.42136794,CM,0
Cameroon,CMR,2007,120,CMR,.42820063,CM,0
Cameroon,CMR,1996,120,CMR,.44446757,CM,0
Cameroon,CMR,2021,120,CMR,.42176074,CM,0
Canada,CAN,2000,124,CAN,.33418295,CA,0
Canada,CAN,2015,124,CAN,.33746484,CA,0
Canada,CAN,1992,124,CAN,.31567687,CA,0
Canada,CAN,1988,124,CAN,.31201127,CA,0
Canada,CAN,2010,124,CAN,.33592603,CA,0
Canada,CAN,2004,124,CAN,.33776483,CA,0
Canada,CAN,2009,124,CAN,.33952153,CA,0
Canada,CAN,1986,124,CAN,.31680998,CA,0
Canada,CAN,1982,124,CAN,.32932413,CA,0
Canada,CAN,1973,124,CAN,.34910351,CA,0
Canada,CAN,1987,124,CAN,.31655663,CA,0
Canada,CAN,2003,124,CAN,.33809465,CA,0
Canada,CAN,1999,124,CAN,.33060935,CA,0
Canada,CAN,2019,124,CAN,.31749648,CA,0
Canada,CAN,2008,124,CAN,.33930567,CA,0
Canada,CAN,1981,124,CAN,.32966557,CA,0
Canada,CAN,2013,124,CAN,.33798981,CA,0
Canada,CAN,2001,124,CAN,.33554783,CA,0
Canada,CAN,1984,124,CAN,.33520237,CA,0
Canada,CAN,1989,124,CAN,.31019121,CA,0
Canada,CAN,1977,124,CAN,.33735129,CA,0
Canada,CAN,2002,124,CAN,.33560309,CA,0
Canada,CAN,1991,124,CAN,.31950226,CA,0
Canada,CAN,2011,124,CAN,.32657078,CA,0
Canada,CAN,1994,124,CAN,.31308895,CA,0
Canada,CAN,1998,124,CAN,.33217245,CA,0
Canada,CAN,1971,124,CAN,.37257144,CA,0
Canada,CAN,1997,124,CAN,.33116943,CA,0
Canada,CAN,1993,124,CAN,.31682763,CA,0
Canada,CAN,2017,124,CAN,.33308205,CA,0
Canada,CAN,2007,124,CAN,.33841008,CA,0
Canada,CAN,2014,124,CAN,.33157605,CA,0
Canada,CAN,1996,124,CAN,.32768053,CA,0
Canada,CAN,2016,124,CAN,.32701823,CA,0
Canada,CAN,2005,124,CAN,.33621806,CA,0
Canada,CAN,2006,124,CAN,.3409054,CA,0
Canada,CAN,1979,124,CAN,.33474171,CA,0
Canada,CAN,1975,124,CAN,.34094694,CA,0
Canada,CAN,2018,124,CAN,.3250927,CA,0
Canada,CAN,1995,124,CAN,.31513026,CA,0
Canada,CAN,1985,124,CAN,.33176625,CA,0
Canada,CAN,1990,124,CAN,.31371781,CA,0
Canada,CAN,2012,124,CAN,.33539012,CA,0
Central African Republic (the),CAF,1992,140,CAF,.61330748,CF,0
Central African Republic (the),CAF,2021,140,CAF,.43046424,CF,0
Central African Republic (the),CAF,2008,140,CAF,.56236607,CF,0
Chad,TCD,2018,148,TCD,.37499154,TD,0
Chad,TCD,2022,148,TCD,.37357685,TD,0
Chad,TCD,2011,148,TCD,.43321213,TD,0
Chad,TCD,2003,148,TCD,.39824569,TD,0
Chile,CHL,2013,152,CHL,.46825019,CL,0
Chile,CHL,2011,152,CHL,.46869174,CL,0
Chile,CHL,2000,152,CHL,.52772009,CL,0
Chile,CHL,1994,152,CHL,.56433594,CL,0
Chile,CHL,1992,152,CHL,.54814488,CL,0
Chile,CHL,2015,152,CHL,.45344472,CL,0
Chile,CHL,1998,152,CHL,.55522066,CL,0
Chile,CHL,2020,152,CHL,.47011817,CL,0
Chile,CHL,1987,152,CHL,.5621016,CL,0
Chile,CHL,2022,152,CHL,.43044654,CL,0
Chile,CHL,2003,152,CHL,.51489866,CL,0
Chile,CHL,1996,152,CHL,.54873681,CL,0
Chile,CHL,2009,152,CHL,.47407982,CL,0
Chile,CHL,1990,152,CHL,.57249099,CL,0
Chile,CHL,2017,152,CHL,.45271549,CL,0
Chile,CHL,2006,152,CHL,.47709733,CL,0
China,CHN,2002,156,,.33460999,CN,2
China,CHN,2008,156,,.39399049,CN,2
China,CHN,2019,156,,.32674861,CN,2
China,CHN,2017,156,CHN,.39075777,CN,2
China,CHN,2014,156,,.3375639,CN,2
China,CHN,1981,156,,.24729232,CN,2
China,CHN,2012,156,,.39497346,CN,2
China,CHN,2010,156,,.40607888,CN,2
China,CHN,2011,156,CHN,.42409223,CN,2
China,CHN,1990,156,CHN,.32226619,CN,2
China,CHN,2005,156,,.34798706,CN,2
China,CHN,1987,156,,.29451063,CN,2
China,CHN,1996,156,CHN,.35227659,CN,2
China,CHN,1984,156,,.17791979,CN,2
China,CHN,2015,156,CHN,.38595304,CN,2
China,CHN,1993,156,,.32126462,CN,2
China,CHN,2013,156,,.3668623,CN,2
China,CHN,2020,156,,.36667654,CN,2
China,CHN,1999,156,CHN,.38703215,CN,2
China,CHN,2018,156,,.36906132,CN,2
China,CHN,2016,156,,.36124825,CN,2
Colombia,COL,2013,170,COL,.52632636,CO,0
Colombia,COL,2020,170,COL,.53530812,CO,0
Colombia,COL,2012,170,COL,.52645481,CO,0
Colombia,COL,1980,170,,.59126729,CO,0
Colombia,COL,2017,170,COL,.49715486,CO,0
Colombia,COL,1991,170,,.51318908,CO,0
Colombia,COL,1988,170,,.53106248,CO,0
Colombia,COL,2002,170,COL,.56018901,CO,0
Colombia,COL,2015,170,COL,.50990421,CO,0
Colombia,COL,2008,170,COL,.55323243,CO,0
Colombia,COL,1989,170,,.53592467,CO,0
Colombia,COL,2005,170,COL,.53913337,CO,0
Colombia,COL,2001,170,COL,.57483041,CO,0
Colombia,COL,2022,170,COL,.54831243,CO,0
Colombia,COL,2016,170,COL,.50570679,CO,0
Colombia,COL,1992,170,COL,.51453674,CO,0
Colombia,COL,2004,170,COL,.54981047,CO,0
Colombia,COL,1999,170,COL,.58739603,CO,0
Colombia,COL,2018,170,COL,.50418705,CO,0
Colombia,COL,2010,170,COL,.54625475,CO,0
Colombia,COL,2014,170,COL,.52551013,CO,0
Colombia,COL,2019,170,COL,.51334971,CO,0
Colombia,COL,2021,170,COL,.5512867,CO,0
Colombia,COL,2003,170,COL,.53586477,CO,0
Colombia,COL,2011,170,COL,.53490293,CO,0
Colombia,COL,1996,170,COL,.56936908,CO,0
Colombia,COL,2009,170,COL,.54296416,CO,0
Colombia,COL,2000,170,COL,.58682895,CO,0
Comoros (the),COM,2004,174,COM,.55925161,KM,0
Comoros (the),COM,2014,174,COM,.45334595,KM,0
Congo (the Democratic Republic of the),COD,2004,180,COD,.42163631,CD,0
Congo (the Democratic Republic of the),COD,2020,180,COD,.44749627,CD,0
Congo (the Democratic Republic of the),COD,2012,180,COD,.42099708,CD,0
Congo (the),COG,2005,178,COG,.4733054,CG,0
Congo (the),COG,2011,178,COG,.48938671,CG,0
Costa Rica,CRI,2006,188,CRI,.49285266,CR,0
Costa Rica,CRI,1998,188,CRI,.45667222,CR,0
Costa Rica,CRI,1996,188,CRI,.46541741,CR,0
Costa Rica,CRI,1995,188,CRI,.45712686,CR,0
Costa Rica,CRI,2017,188,CRI,.4834654,CR,0
Costa Rica,CRI,1991,188,CRI,.4664785,CR,0
Costa Rica,CRI,2007,188,CRI,.49314299,CR,0
Costa Rica,CRI,2004,188,CRI,.48423937,CR,0
Costa Rica,CRI,1986,188,CRI,.34424046,CR,0
Costa Rica,CRI,2015,188,CRI,.4837614,CR,0
Costa Rica,CRI,2014,188,CRI,.48634195,CR,0
Costa Rica,CRI,2008,188,CRI,.48645481,CR,0
Costa Rica,CRI,1997,188,CRI,.45617115,CR,0
Costa Rica,CRI,2019,188,CRI,.48191166,CR,0
Costa Rica,CRI,2013,188,CRI,.4915247,CR,0
Costa Rica,CRI,2003,188,CRI,.49308699,CR,0
Costa Rica,CRI,2020,188,CRI,.49248964,CR,0
Costa Rica,CRI,1993,188,CRI,.46003163,CR,0
Costa Rica,CRI,2002,188,CRI,.51823628,CR,0
Costa Rica,CRI,2016,188,CRI,.48706067,CR,0
Costa Rica,CRI,1992,188,CRI,.45712397,CR,0
Costa Rica,CRI,2012,188,CRI,.48419029,CR,0
Costa Rica,CRI,1981,188,CRI,.47494763,CR,0
Costa Rica,CRI,2010,188,CRI,.48045969,CR,0
Costa Rica,CRI,2005,188,CRI,.47513703,CR,0
Costa Rica,CRI,2021,188,CRI,.4867917,CR,0
Costa Rica,CRI,2001,188,CRI,.51515067,CR,0
Costa Rica,CRI,1990,188,CRI,.45301545,CR,0
Costa Rica,CRI,2000,188,CRI,.47449473,CR,0
Costa Rica,CRI,2018,188,CRI,.47972405,CR,0
Costa Rica,CRI,2022,188,CRI,.47152537,CR,0
Costa Rica,CRI,1989,188,CRI,.45570761,CR,0
Costa Rica,CRI,1994,188,CRI,.46752408,CR,0
Costa Rica,CRI,1999,188,CRI,.47665334,CR,0
Costa Rica,CRI,2011,188,CRI,.48762167,CR,0
Costa Rica,CRI,2009,188,CRI,.50560123,CR,0
Croatia,HRV,2018,191,HRV,.29729474,HR,0
Croatia,HRV,2013,191,HRV,.31995484,HR,0
Croatia,HRV,2010,191,HRV,.32379773,HR,0
Croatia,HRV,2017,191,HRV,.30354577,HR,0
Croatia,HRV,2020,191,HRV,.29544285,HR,0
Croatia,HRV,2011,191,HRV,.32257435,HR,0
Croatia,HRV,2012,191,HRV,.3247515,HR,0
Croatia,HRV,2014,191,HRV,.32107148,HR,0
Croatia,HRV,2019,191,HRV,.2890909,HR,0
Croatia,HRV,2009,191,HRV,.32558823,HR,0
Croatia,HRV,2016,191,HRV,.30899724,HR,0
Croatia,HRV,2015,191,HRV,.31115314,HR,0
Croatia,HRV,2021,191,HRV,.2889671,HR,0
Cyprus,CYP,2010,196,CYP,.31457928,CY,0
Cyprus,CYP,2018,196,CYP,.3273986,CY,0
Cyprus,CYP,2011,196,CYP,.32625523,CY,0
Cyprus,CYP,2005,196,CYP,.30259457,CY,0
Cyprus,CYP,2013,196,CYP,.37041992,CY,0
Cyprus,CYP,2021,196,CYP,.3125177,CY,0
Cyprus,CYP,2009,196,CYP,.32108846,CY,0
Cyprus,CYP,2020,196,CYP,.31727943,CY,0
Cyprus,CYP,2012,196,CYP,.34312433,CY,0
Cyprus,CYP,2004,196,CYP,.30089402,CY,0
Cyprus,CYP,2016,196,CYP,.32891795,CY,0
Cyprus,CYP,2014,196,CYP,.35565653,CY,0
Cyprus,CYP,2015,196,CYP,.33966377,CY,0
Cyprus,CYP,2006,196,CYP,.31125963,CY,0
Cyprus,CYP,2017,196,CYP,.31416234,CY,0
Cyprus,CYP,2008,196,CYP,.31708661,CY,0
Cyprus,CYP,2007,196,CYP,.31113273,CY,0
Cyprus,CYP,2019,196,CYP,.31224227,CY,0
Czechia,CZE,1992,203,CZE,.20703283,CZ,0
Czechia,CZE,1996,203,CZE,.25799009,CZ,0
Czechia,CZE,2004,203,CZE,.2753318,CZ,0
Czechia,CZE,2002,203,CZE,.26555094,CZ,0
Czechia,CZE,2019,203,CZE,.25262198,CZ,0
Czechia,CZE,2010,203,CZE,.26623514,CZ,0
Czechia,CZE,2012,203,CZE,.26110017,CZ,0
Czechia,CZE,2009,203,CZE,.26156676,CZ,0
Czechia,CZE,1993,203,CZE,.26604792,CZ,0
Czechia,CZE,2020,203,CZE,.26245132,CZ,0
Czechia,CZE,2013,203,CZE,.26473904,CZ,0
Czechia,CZE,2005,203,CZE,.26946044,CZ,0
Czechia,CZE,2017,203,CZE,.2485221,CZ,0
Czechia,CZE,2021,203,CZE,.26202103,CZ,0
Czechia,CZE,2016,203,CZE,.25406334,CZ,0
Czechia,CZE,2015,203,CZE,.25867432,CZ,0
Czechia,CZE,2008,203,CZE,.26280272,CZ,0
Czechia,CZE,2014,203,CZE,.25923222,CZ,0
Czechia,CZE,2018,203,CZE,.24990341,CZ,0
Czechia,CZE,2011,203,CZE,.26381344,CZ,0
Czechia,CZE,2007,203,CZE,.25998691,CZ,0
Czechia,CZE,2006,203,CZE,.26744154,CZ,0
Côte d'Ivoire,CIV,2018,384,CIV,.37168875,CI,0
Côte d'Ivoire,CIV,1986,384,CIV,.37969762,CI,0
Côte d'Ivoire,CIV,1992,384,CIV,.39385766,CI,0
Côte d'Ivoire,CIV,1998,384,CIV,.38959962,CI,0
Côte d'Ivoire,CIV,1995,384,CIV,.40563822,CI,0
Côte d'Ivoire,CIV,2021,384,CIV,.35275364,CI,0
Côte d'Ivoire,CIV,2008,384,CIV,.43183732,CI,0
Côte d'Ivoire,CIV,1987,384,CIV,.405101,CI,0
Côte d'Ivoire,CIV,1988,384,CIV,.36886287,CI,0
Côte d'Ivoire,CIV,1985,384,CIV,.45526269,CI,0
Côte d'Ivoire,CIV,2015,384,CIV,.41474801,CI,0
Côte d'Ivoire,CIV,2002,384,CIV,.41340041,CI,0
Denmark,DNK,1995,208,DNK,.22955896,DK,0
Denmark,DNK,2010,208,DNK,.27198559,DK,0
Denmark,DNK,2019,208,DNK,.27723646,DK,0
Denmark,DNK,2020,208,DNK,.27504268,DK,0
Denmark,DNK,2011,208,DNK,.27311745,DK,0
Denmark,DNK,2003,208,DNK,.25631672,DK,0
Denmark,DNK,2012,208,DNK,.27790749,DK,0
Denmark,DNK,2000,208,DNK,.23766319,DK,0
Denmark,DNK,1992,208,DNK,.24693811,DK,0
Denmark,DNK,2008,208,DNK,.25246501,DK,0
Denmark,DNK,2009,208,DNK,.26701561,DK,0
Denmark,DNK,2015,208,DNK,.28177446,DK,0
Denmark,DNK,2014,208,DNK,.2835288,DK,0
Denmark,DNK,2021,208,DNK,.28324029,DK,0
Denmark,DNK,2018,208,DNK,.28166336,DK,0
Denmark,DNK,2004,208,DNK,.24912797,DK,0
Denmark,DNK,2005,208,DNK,.2518689,DK,0
Denmark,DNK,2016,208,DNK,.28187442,DK,0
Denmark,DNK,2007,208,DNK,.26184258,DK,0
Denmark,DNK,2013,208,DNK,.28543764,DK,0
Denmark,DNK,1987,208,DNK,.26235041,DK,0
Denmark,DNK,2017,208,DNK,.28746662,DK,0
Denmark,DNK,2006,208,DNK,.25913078,DK,0
Djibouti,DJI,2012,262,DJI,.45134252,DJ,0
Djibouti,DJI,2017,262,DJI,.41587991,DJ,0
Djibouti,DJI,2002,262,DJI,.3999784,DJ,0
Djibouti,DJI,2013,262,DJI,.44127074,DJ,0
Dominican Republic (the),DOM,2002,214,DOM,.49677518,DO,0
Dominican Republic (the),DOM,2000,214,DOM,.515212,DO,0
Dominican Republic (the),DOM,1986,214,DOM,.47780797,DO,0
Dominican Republic (the),DOM,2001,214,DOM,.49999225,DO,0
Dominican Republic (the),DOM,1996,214,DOM,.4743444,DO,0
Dominican Republic (the),DOM,2004,214,DOM,.52056205,DO,0
Dominican Republic (the),DOM,2018,214,DOM,.43686661,DO,0
Dominican Republic (the),DOM,2022,214,DOM,.36979622,DO,0
Dominican Republic (the),DOM,2015,214,DOM,.45181635,DO,0
Dominican Republic (the),DOM,2006,214,DOM,.51963103,DO,0
Dominican Republic (the),DOM,2020,214,DOM,.39631972,DO,0
Dominican Republic (the),DOM,2017,214,DOM,.42195615,DO,0
Dominican Republic (the),DOM,2003,214,DOM,.5212729,DO,0
Dominican Republic (the),DOM,2007,214,DOM,.48859373,DO,0
Dominican Republic (the),DOM,1989,214,DOM,.50457865,DO,0
Dominican Republic (the),DOM,2019,214,DOM,.41918564,DO,0
Dominican Republic (the),DOM,1997,214,DOM,.48923859,DO,0
Dominican Republic (the),DOM,2011,214,DOM,.47706905,DO,0
Dominican Republic (the),DOM,2016,214,DOM,.45723918,DO,0
Dominican Republic (the),DOM,2005,214,DOM,.4996821,DO,0
Dominican Republic (the),DOM,1992,214,DOM,.51359761,DO,0
Dominican Republic (the),DOM,2021,214,DOM,.38529852,DO,0
Dominican Republic (the),DOM,2013,214,DOM,.47656393,DO,0
Dominican Republic (the),DOM,2010,214,DOM,.47326601,DO,0
Dominican Republic (the),DOM,2014,214,DOM,.44280031,DO,0
Dominican Republic (the),DOM,2012,214,DOM,.46133754,DO,0
Dominican Republic (the),DOM,2009,214,DOM,.48875841,DO,0
Dominican Republic (the),DOM,2008,214,DOM,.48109168,DO,0
Ecuador,ECU,2008,218,ECU,.4979347,EC,0
Ecuador,ECU,2020,218,ECU,.47311273,EC,0
Ecuador,ECU,2009,218,ECU,.48505989,EC,0
Ecuador,ECU,2000,218,ECU,.5637852,EC,0
Ecuador,ECU,2010,218,ECU,.48804435,EC,0
Ecuador,ECU,2003,218,ECU,.5352869,EC,0
Ecuador,ECU,1998,218,,.49657029,EC,0
Ecuador,ECU,1999,218,ECU,.58601993,EC,0
Ecuador,ECU,2018,218,ECU,.45440298,EC,0
Ecuador,ECU,2021,218,ECU,.45800439,EC,0
Ecuador,ECU,2019,218,ECU,.45711532,EC,0
Ecuador,ECU,2015,218,ECU,.45954296,EC,0
Ecuador,ECU,2004,218,ECU,.53931993,EC,0
Ecuador,ECU,2006,218,ECU,.52251405,EC,0
Ecuador,ECU,2017,218,ECU,.44673029,EC,0
Ecuador,ECU,2011,218,ECU,.45877481,EC,0
Ecuador,ECU,1994,218,ECU,.53368962,EC,0
Ecuador,ECU,2014,218,ECU,.44995049,EC,0
Ecuador,ECU,2016,218,ECU,.45020068,EC,0
Ecuador,ECU,2007,218,ECU,.53363448,EC,0
Ecuador,ECU,2022,218,ECU,.45466313,EC,0
Ecuador,ECU,2005,218,ECU,.53058481,EC,0
Ecuador,ECU,1987,218,,.50491965,EC,0
Ecuador,ECU,2013,218,ECU,.46864903,EC,0
Ecuador,ECU,1995,218,,.50965071,EC,0
Ecuador,ECU,2012,218,ECU,.46112326,EC,0
Egypt,EGY,2008,818,EGY,.31102437,EG,0
Egypt,EGY,2017,818,EGY,.31533954,EG,0
Egypt,EGY,2010,818,EGY,.30191457,EG,0
Egypt,EGY,1999,818,EGY,.32761502,EG,0
Egypt,EGY,1990,818,EGY,.32003942,EG,0
Egypt,EGY,2012,818,EGY,.28292203,EG,0
Egypt,EGY,2019,818,EGY,.31893557,EG,0
Egypt,EGY,2015,818,EGY,.31823358,EG,0
Egypt,EGY,1995,818,EGY,.30126959,EG,0
Egypt,EGY,2004,818,EGY,.31847546,EG,0
El Salvador,SLV,2022,222,SLV,.38757578,SV,0
El Salvador,SLV,1998,222,SLV,.54515713,SV,0
El Salvador,SLV,2014,222,SLV,.41559842,SV,0
El Salvador,SLV,2003,222,SLV,.50497693,SV,0
El Salvador,SLV,2002,222,SLV,.51870489,SV,0
El Salvador,SLV,2016,222,SLV,.39978579,SV,0
El Salvador,SLV,2008,222,SLV,.46885678,SV,0
El Salvador,SLV,2019,222,SLV,.38778764,SV,0
El Salvador,SLV,2006,222,SLV,.4569256,SV,0
El Salvador,SLV,2021,222,SLV,.39012462,SV,0
El Salvador,SLV,2007,222,SLV,.45217994,SV,0
El Salvador,SLV,1999,222,SLV,.52197689,SV,0
El Salvador,SLV,2000,222,SLV,.51474369,SV,0
El Salvador,SLV,2018,222,SLV,.38610572,SV,0
El Salvador,SLV,2004,222,SLV,.47819686,SV,0
El Salvador,SLV,2010,222,SLV,.4351413,SV,0
El Salvador,SLV,2015,222,SLV,.40551943,SV,0
El Salvador,SLV,2001,222,SLV,.51370442,SV,0
El Salvador,SLV,1996,222,SLV,.50982177,SV,0
El Salvador,SLV,1995,222,SLV,.49879736,SV,0
El Salvador,SLV,2017,222,SLV,.38007188,SV,0
El Salvador,SLV,1991,222,SLV,.53951895,SV,0
El Salvador,SLV,2013,222,SLV,.43358964,SV,0
El Salvador,SLV,2012,222,SLV,.41829276,SV,0
El Salvador,SLV,2009,222,SLV,.45825085,SV,0
El Salvador,SLV,2011,222,SLV,.42318359,SV,0
El Salvador,SLV,2005,222,SLV,.48484933,SV,0
Estonia,EST,2012,233,EST,.32915759,EE,0
Estonia,EST,2021,233,EST,.31834933,EE,0
Estonia,EST,2003,233,EST,.37203822,EE,0
Estonia,EST,2008,233,EST,.31917077,EE,0
Estonia,EST,2010,233,EST,.320012,EE,0
Estonia,EST,2004,233,EST,.33564782,EE,0
Estonia,EST,2015,233,EST,.32670331,EE,0
Estonia,EST,2018,233,EST,.30321452,EE,0
Estonia,EST,2014,233,EST,.34591556,EE,0
Estonia,EST,2013,233,EST,.35079786,EE,0
Estonia,EST,2020,233,EST,.30737874,EE,0
Estonia,EST,2016,233,EST,.31196827,EE,0
Estonia,EST,2017,233,EST,.30355027,EE,0
Estonia,EST,2011,233,EST,.32491633,EE,0
Estonia,EST,2009,233,EST,.31443611,EE,0
Estonia,EST,2019,233,EST,.30767542,EE,0
Estonia,EST,2006,233,EST,.33671072,EE,0
Estonia,EST,2007,233,EST,.31180158,EE,0
Estonia,EST,2005,233,EST,.33448943,EE,0
Estonia,EST,1993,233,EST,.39503449,EE,0
Eswatini,SWZ,2016,748,SWZ,.54579794,SZ,0
Eswatini,SWZ,1994,748,SWZ,.60454726,SZ,0
Eswatini,SWZ,2000,748,SWZ,.5311352,SZ,0
Eswatini,SWZ,2009,748,SWZ,.51452607,SZ,0
Ethiopia,ETH,2010,231,ETH,.33170602,ET,0
Ethiopia,ETH,1999,231,ETH,.29975796,ET,0
Ethiopia,ETH,1981,231,,.32424957,ET,0
Ethiopia,ETH,2015,231,ETH,.34993124,ET,0
Ethiopia,ETH,1995,231,ETH,.44564512,ET,0
Ethiopia,ETH,2004,231,ETH,.29806852,ET,0
Fiji,FJI,2013,242,FJI,.36696598,FJ,0
Fiji,FJI,2008,242,FJI,.40375587,FJ,0
Fiji,FJI,2002,242,FJI,.38102055,FJ,0
Fiji,FJI,2019,242,FJI,.30706868,FJ,0
Finland,FIN,2017,246,FIN,.27383086,FI,0
Finland,FIN,2020,246,FIN,.27091169,FI,0
Finland,FIN,2015,246,FIN,.27102041,FI,0
Finland,FIN,2000,246,FIN,.27156627,FI,0
Finland,FIN,2012,246,FIN,.27096629,FI,0
Finland,FIN,2010,246,FIN,.27714089,FI,0
Finland,FIN,2008,246,FIN,.27838209,FI,0
Finland,FIN,2011,246,FIN,.27642819,FI,0
Finland,FIN,2009,246,FIN,.27455446,FI,0
Finland,FIN,2018,246,FIN,.27329773,FI,0
Finland,FIN,2014,246,FIN,.26776975,FI,0
Finland,FIN,1987,246,FIN,.22171399,FI,0
Finland,FIN,2005,246,FIN,.27619594,FI,0
Finland,FIN,1995,246,FIN,.23459136,FI,0
Finland,FIN,2021,246,FIN,.27708566,FI,0
Finland,FIN,1991,246,FIN,.22879761,FI,0
Finland,FIN,2004,246,FIN,.27897766,FI,0
Finland,FIN,2007,246,FIN,.28285572,FI,0
Finland,FIN,2006,246,FIN,.27999076,FI,0
Finland,FIN,2019,246,FIN,.27737328,FI,0
Finland,FIN,2013,246,FIN,.27193958,FI,0
Finland,FIN,2016,246,FIN,.27078485,FI,0
Finland,FIN,2003,246,FIN,.27686605,FI,0
France,FRA,1990,250,FRA,.32119063,FR,0
France,FRA,2007,250,FRA,.32427728,FR,0
France,FRA,2002,250,FRA,.31778157,FR,0
France,FRA,2005,250,FRA,.29834014,FR,0
France,FRA,1999,250,FRA,.32499772,FR,0
France,FRA,2004,250,FRA,.3064734,FR,0
France,FRA,2021,250,FRA,.31500998,FR,0
France,FRA,1998,250,FRA,.31657764,FR,0
France,FRA,2016,250,FRA,.31923744,FR,0
France,FRA,2008,250,FRA,.32996476,FR,0
France,FRA,2003,250,FRA,.31411117,FR,0
France,FRA,1979,250,FRA,.34042618,FR,0
France,FRA,2014,250,FRA,.32262185,FR,0
France,FRA,2000,250,FRA,.32553056,FR,0
France,FRA,2011,250,FRA,.33294749,FR,0
France,FRA,2009,250,FRA,.32661268,FR,0
France,FRA,1996,250,FRA,.32016575,FR,0
France,FRA,2019,250,FRA,.31199586,FR,0
France,FRA,1970,250,FRA,.37145555,FR,0
France,FRA,2017,250,FRA,.31632066,FR,0
France,FRA,2013,250,FRA,.32512635,FR,0
France,FRA,2015,250,FRA,.32704335,FR,0
France,FRA,2001,250,FRA,.32533291,FR,0
France,FRA,2010,250,FRA,.33720481,FR,0
France,FRA,2012,250,FRA,.33114859,FR,0
France,FRA,1997,250,FRA,.3190015,FR,0
France,FRA,2018,250,FRA,.32380688,FR,0
France,FRA,1984,250,FRA,.33400115,FR,0
France,FRA,2020,250,FRA,.3066147,FR,0
France,FRA,2006,250,FRA,.29691091,FR,0
France,FRA,1975,250,FRA,.35918272,FR,0
Gabon,GAB,2005,266,GAB,.42184988,GA,0
Gabon,GAB,2017,266,GAB,.38024372,GA,0
Gambia (the),GMB,2015,270,GMB,.35918832,GM,0
Gambia (the),GMB,2003,270,GMB,.47331625,GM,0
Gambia (the),GMB,2010,270,GMB,.43568432,GM,0
Gambia (the),GMB,2020,270,GMB,.38757205,GM,0
Gambia (the),GMB,1998,270,GMB,.48519465,GM,0
Georgia,GEO,2000,268,GEO,.40478113,GE,0
Georgia,GEO,2002,268,GEO,.37249377,GE,0
Georgia,GEO,2020,268,GEO,.34465188,GE,0
Georgia,GEO,2001,268,GEO,.39574131,GE,0
Georgia,GEO,2017,268,GEO,.37939733,GE,0
Georgia,GEO,1999,268,GEO,.40149766,GE,0
Georgia,GEO,2018,268,GEO,.36411363,GE,0
Georgia,GEO,2009,268,GEO,.38237402,GE,0
Georgia,GEO,2013,268,GEO,.38589019,GE,0
Georgia,GEO,2003,268,GEO,.36655083,GE,0
Georgia,GEO,2014,268,GEO,.37554133,GE,0
Georgia,GEO,1998,268,GEO,.41250008,GE,0
Georgia,GEO,2016,268,GEO,.36639649,GE,0
Georgia,GEO,2006,268,GEO,.36868623,GE,0
Georgia,GEO,1997,268,GEO,.40696073,GE,0
Georgia,GEO,2011,268,GEO,.39595714,GE,0
Georgia,GEO,1996,268,GEO,.37132707,GE,0
Georgia,GEO,2012,268,GEO,.38954768,GE,0
Georgia,GEO,2004,268,GEO,.36175355,GE,0
Georgia,GEO,2010,268,GEO,.39461464,GE,0
Georgia,GEO,2015,268,GEO,.36503676,GE,0
Georgia,GEO,2007,268,GEO,.38113081,GE,0
Georgia,GEO,2005,268,GEO,.37379339,GE,0
Georgia,GEO,2021,268,GEO,.34178618,GE,0
Georgia,GEO,2008,268,GEO,.38534853,GE,0
Georgia,GEO,2019,268,GEO,.35900766,GE,0
Germany,DEU,1996,276,DEU,.28020903,DE,0
Germany,DEU,2008,276,DEU,.30904445,DE,0
Germany,DEU,2010,276,DEU,.3025288,DE,0
Germany,DEU,1994,276,DEU,.29159415,DE,0
Germany,DEU,1999,276,DEU,.29029211,DE,0
Germany,DEU,2013,276,DEU,.31473666,DE,0
Germany,DEU,2005,276,DEU,.3158797,DE,0
Germany,DEU,1993,276,DEU,.28541541,DE,0
Germany,DEU,1991,276,DEU,.29492873,DE,0
Germany,DEU,2016,276,DEU,.31390682,DE,0
Germany,DEU,2017,276,DEU,.31851348,DE,0
Germany,DEU,2009,276,DEU,.30479428,DE,0
Germany,DEU,1992,276,DEU,.29031813,DE,0
Germany,DEU,2004,276,DEU,.30164394,DE,0
Germany,DEU,2003,276,DEU,.29893231,DE,0
Germany,DEU,1995,276,DEU,.28665972,DE,0
Germany,DEU,2012,276,DEU,.3105579,DE,0
Germany,DEU,2019,276,DEU,.31719428,DE,0
Germany,DEU,2014,276,DEU,.30871856,DE,0
Germany,DEU,2018,276,DEU,.31790689,DE,0
Germany,DEU,1997,276,DEU,.28332725,DE,0
Germany,DEU,2006,276,DEU,.31041959,DE,0
Germany,DEU,2011,276,DEU,.30668032,DE,0
Germany,DEU,1998,276,DEU,.28148276,DE,0
Germany,DEU,2002,276,DEU,.29864991,DE,0
Germany,DEU,2015,276,DEU,.31443062,DE,0
Germany,DEU,2000,276,DEU,.28780577,DE,0
Germany,DEU,2001,276,DEU,.29949388,DE,0
Germany,DEU,2007,276,DEU,.31145447,DE,0
Ghana,GHA,1988,288,GHA,.3599354,GH,0
Ghana,GHA,2012,288,GHA,.42373204,GH,0
Ghana,GHA,1987,288,GHA,.35349578,GH,0
Ghana,GHA,2005,288,GHA,.42765537,GH,0
Ghana,GHA,2016,288,GHA,.4352088,GH,0
Ghana,GHA,1998,288,GHA,.40072626,GH,0
Ghana,GHA,1991,288,GHA,.38437229,GH,0
Greece,GRC,2008,300,GRC,.33589363,GR,0
Greece,GRC,2000,300,GRC,.34239194,GR,0
Greece,GRC,2006,300,GRC,.35123804,GR,0
Greece,GRC,2015,300,GRC,.36000261,GR,0
Greece,GRC,2003,300,GRC,.32762337,GR,0
Greece,GRC,2007,300,GRC,.33953574,GR,0
Greece,GRC,2017,300,GRC,.34352022,GR,0
Greece,GRC,2012,300,GRC,.36251,GR,0
Greece,GRC,2018,300,GRC,.32891205,GR,0
Greece,GRC,1995,300,GRC,.36975572,GR,0
Greece,GRC,2021,300,GRC,.32942098,GR,0
Greece,GRC,2016,300,GRC,.3495864,GR,0
Greece,GRC,2020,300,GRC,.33560613,GR,0
Greece,GRC,2013,300,GRC,.36127362,GR,0
Greece,GRC,2014,300,GRC,.35809505,GR,0
Greece,GRC,2019,300,GRC,.33104455,GR,0
Greece,GRC,2004,300,GRC,.3359099,GR,0
Greece,GRC,2011,300,GRC,.34849411,GR,0
Greece,GRC,2010,300,GRC,.34103328,GR,0
Greece,GRC,2005,300,GRC,.34598231,GR,0
Greece,GRC,2009,300,GRC,.33619058,GR,0
Grenada,GRD,2018,308,GRD,.43816409,GD,0
Guatemala,GTM,1989,320,GTM,.59598774,GT,0
Guatemala,GTM,2014,320,GTM,.48278588,GT,0
Guatemala,GTM,2000,320,GTM,.54176521,GT,0
Guatemala,GTM,2006,320,GTM,.54570723,GT,0
Guatemala,GTM,1986,320,GTM,.58256906,GT,0
Guinea,GIN,2018,324,GIN,.29591954,GN,0
Guinea,GIN,1991,324,GIN,.46843049,GN,0
Guinea,GIN,1994,324,GIN,.46081609,GN,0
Guinea,GIN,2007,324,GIN,.39355347,GN,0
Guinea,GIN,2012,324,GIN,.33729705,GN,0
Guinea,GIN,2002,324,GIN,.43004164,GN,0
Guinea-Bissau,GNB,2010,624,GNB,.5066424,GW,0
Guinea-Bissau,GNB,2021,624,GNB,.33435068,GW,0
Guinea-Bissau,GNB,2002,624,GNB,.35569745,GW,0
Guinea-Bissau,GNB,2018,624,GNB,.34765232,GW,0
Guinea-Bissau,GNB,1993,624,GNB,.43610227,GW,0
Guyana,GUY,1998,328,GUY,.45118141,GY,0
Haiti,HTI,2012,332,HTI,.60786808,HT,0
Haiti,HTI,2001,332,HTI,.5947662,HT,0
Honduras,HND,2009,340,HND,.51283324,HN,0
Honduras,HND,2004,340,HND,.58133912,HN,0
Honduras,HND,1991,340,HND,.51850671,HN,0
Honduras,HND,1999,340,HND,.55351341,HN,0
Honduras,HND,2008,340,HND,.55499905,HN,0
Honduras,HND,2018,340,HND,.48937786,HN,0
Honduras,HND,2019,340,HND,.48168167,HN,0
Honduras,HND,2005,340,HND,.5951159,HN,0
Honduras,HND,2011,340,HND,.52559787,HN,0
Honduras,HND,1997,340,HND,.52733999,HN,0
Honduras,HND,1989,340,HND,.5949015,HN,0
Honduras,HND,1994,340,HND,.5501017,HN,0
Honduras,HND,1993,340,HND,.53467447,HN,0
Honduras,HND,2007,340,HND,.5582031,HN,0
Honduras,HND,2015,340,HND,.49249893,HN,0
Honduras,HND,1995,340,HND,.55485475,HN,0
Honduras,HND,1998,340,HND,.57425427,HN,0
Honduras,HND,2001,340,HND,.55360717,HN,0
Honduras,HND,1996,340,HND,.55721563,HN,0
Honduras,HND,1992,340,HND,.51828456,HN,0
Honduras,HND,2006,340,HND,.57542777,HN,0
Honduras,HND,2012,340,HND,.53370708,HN,0
Honduras,HND,1990,340,HND,.57356727,HN,0
Honduras,HND,1986,340,,.55093032,HN,0
Honduras,HND,2016,340,HND,.49811861,HN,0
Honduras,HND,2013,340,HND,.49959752,HN,0
Honduras,HND,2014,340,HND,.49878585,HN,0
Honduras,HND,2003,340,HND,.58121252,HN,0
Honduras,HND,2010,340,HND,.53087068,HN,0
Honduras,HND,2017,340,HND,.49445528,HN,0
Honduras,HND,2002,340,HND,.55730957,HN,0
Hungary,HUN,1999,348,HUN,.30219844,HU,0
Hungary,HUN,1993,348,HUN,.27940974,HU,0
Hungary,HUN,2009,348,HUN,.2695964,HU,0
Hungary,HUN,2006,348,HUN,.28296614,HU,0
Hungary,HUN,2007,348,HUN,.27882236,HU,0
Hungary,HUN,1989,348,HUN,.25047779,HU,0
Hungary,HUN,1991,348,HUN,.29633954,HU,0
Hungary,HUN,2020,348,HUN,.29713073,HU,0
Hungary,HUN,2010,348,HUN,.29444227,HU,0
Hungary,HUN,2004,348,HUN,.29864448,HU,0
Hungary,HUN,2008,348,HUN,.27514043,HU,0
Hungary,HUN,2016,348,HUN,.30327618,HU,0
Hungary,HUN,2011,348,HUN,.29158342,HU,0
Hungary,HUN,2012,348,HUN,.30804187,HU,0
Hungary,HUN,2018,348,HUN,.29612043,HU,0
Hungary,HUN,1987,348,HUN,.20960031,HU,0
Hungary,HUN,2005,348,HUN,.34722504,HU,0
Hungary,HUN,2017,348,HUN,.30584124,HU,0
Hungary,HUN,2019,348,HUN,.29950473,HU,0
Hungary,HUN,2015,348,HUN,.3040823,HU,0
Hungary,HUN,2013,348,HUN,.31504104,HU,0
Hungary,HUN,2014,348,HUN,.30917662,HU,0
Hungary,HUN,1994,348,HUN,.33289394,HU,0
Hungary,HUN,2021,348,HUN,.29173529,HU,0
Iceland,ISL,2017,352,ISL,.26131579,IS,0
Iceland,ISL,2005,352,ISL,.29002446,IS,0
Iceland,ISL,2015,352,ISL,.26787972,IS,0
Iceland,ISL,2013,352,ISL,.25402915,IS,0
Iceland,ISL,2014,352,ISL,.27800417,IS,0
Iceland,ISL,2008,352,ISL,.31789279,IS,0
Iceland,ISL,2006,352,ISL,.30245149,IS,0
Iceland,ISL,2016,352,ISL,.27241105,IS,0
Iceland,ISL,2012,352,ISL,.26769423,IS,0
Iceland,ISL,2004,352,ISL,.2798214,IS,0
Iceland,ISL,2003,352,ISL,.26836038,IS,0
Iceland,ISL,2011,352,ISL,.26830798,IS,0
Iceland,ISL,2007,352,ISL,.29470959,IS,0
Iceland,ISL,2010,352,ISL,.26171619,IS,0
Iceland,ISL,2009,352,ISL,.28656411,IS,0
India,IND,2009,356,,.29950303,IN,2
India,IND,2015,356,,.31263804,IN,2
India,IND,1993,356,,.28586566,IN,2
India,IND,2017,356,,.39578882,IN,2
India,IND,1987,356,,.30133688,IN,2
India,IND,1983,356,IND,.32008487,IN,2
India,IND,1977,356,IND,.3321363,IN,2
India,IND,2020,356,,.36235926,IN,2
India,IND,2019,356,,.3628346,IN,2
India,IND,2016,356,,.38292569,IN,2
India,IND,2018,356,,.36215827,IN,2
India,IND,2011,356,,.39014429,IN,2
India,IND,2004,356,,.30453578,IN,2
India,IND,2021,356,IND,.32774055,IN,2
Indonesia,IDN,2000,360,,.24101526,ID,2
Indonesia,IDN,1999,360,,.24756536,ID,2
Indonesia,IDN,2005,360,,.34189805,ID,2
Indonesia,IDN,1996,360,,.27587208,ID,2
Indonesia,IDN,1990,360,,.26455078,ID,2
Indonesia,IDN,2004,360,IDN,.33853281,ID,2
Indonesia,IDN,2016,360,,.41031516,ID,2
Indonesia,IDN,2011,360,IDN,.40458149,ID,2
Indonesia,IDN,1993,360,,.26001829,ID,2
Indonesia,IDN,2023,360,IDN,.38306671,ID,2
Indonesia,IDN,2018,360,,.4005402,ID,2
Indonesia,IDN,2007,360,,.37075886,ID,2
Indonesia,IDN,2022,360,,.31383035,ID,2
Indonesia,IDN,1984,360,,.29214716,ID,2
Indonesia,IDN,2002,360,IDN,.32833797,ID,2
Indonesia,IDN,1987,360,,.27729326,ID,2
Indonesia,IDN,1998,360,,.25684151,ID,2
Indonesia,IDN,2012,360,,.42480853,ID,2
Indonesia,IDN,2001,360,IDN,.30023929,ID,2
Indonesia,IDN,2021,360,,.31533891,ID,2
Indonesia,IDN,2009,360,,.29499847,ID,2
Indonesia,IDN,2013,360,IDN,.40791181,ID,2
Indonesia,IDN,2010,360,,.38204768,ID,2
Indonesia,IDN,2003,360,IDN,.33026701,ID,2
Indonesia,IDN,2019,360,,.39215669,ID,2
Indonesia,IDN,2020,360,,.3925719,ID,2
Indonesia,IDN,2008,360,IDN,.36060256,ID,2
Indonesia,IDN,2017,360,IDN,.38785264,ID,2
Indonesia,IDN,2006,360,,.35517496,ID,2
Indonesia,IDN,2014,360,,.42765263,ID,2
Indonesia,IDN,2015,360,,.42753065,ID,2
Iran (Islamic Republic of),IRN,2012,364,IRN,.34425539,IR,0
Iran (Islamic Republic of),IRN,2005,364,IRN,.43558642,IR,0
Iran (Islamic Republic of),IRN,2019,364,IRN,.36482257,IR,0
Iran (Islamic Republic of),IRN,2021,364,IRN,.3546873,IR,0
Iran (Islamic Republic of),IRN,2006,364,IRN,.44752038,IR,0
Iran (Islamic Republic of),IRN,2018,364,IRN,.37419906,IR,0
Iran (Islamic Republic of),IRN,2022,364,IRN,.34803438,IR,0
Iran (Islamic Republic of),IRN,2017,364,IRN,.36693677,IR,0
Iran (Islamic Republic of),IRN,2016,364,IRN,.35912308,IR,0
Iran (Islamic Republic of),IRN,2020,364,IRN,.35842958,IR,0
Iran (Islamic Republic of),IRN,2011,364,IRN,.34661996,IR,0
Iran (Islamic Republic of),IRN,1990,364,IRN,.43604776,IR,0
Iran (Islamic Republic of),IRN,1994,364,IRN,.42998371,IR,0
Iran (Islamic Republic of),IRN,2014,364,IRN,.34814051,IR,0
Iran (Islamic Republic of),IRN,2013,364,IRN,.33969519,IR,0
Iran (Islamic Republic of),IRN,2015,364,IRN,.35264051,IR,0
Iran (Islamic Republic of),IRN,1998,364,IRN,.44095644,IR,0
Iran (Islamic Republic of),IRN,1986,364,IRN,.4741964,IR,0
Iran (Islamic Republic of),IRN,2009,364,IRN,.42050025,IR,0
Iraq,IRQ,2006,368,IRQ,.28600612,IQ,0
Iraq,IRQ,2012,368,IRQ,.29541856,IQ,0
Ireland,IRL,2015,372,IRL,.3182154,IE,0
Ireland,IRL,2008,372,IRL,.30906218,IE,0
Ireland,IRL,1987,372,IRL,.35466203,IE,0
Ireland,IRL,2016,372,IRL,.32807598,IE,0
Ireland,IRL,2012,372,IRL,.33220753,IE,0
Ireland,IRL,1994,372,IRL,.36914206,IE,0
Ireland,IRL,2013,372,IRL,.33489192,IE,0
Ireland,IRL,1995,372,IRL,.37045091,IE,0
Ireland,IRL,2006,372,IRL,.32727954,IE,0
Ireland,IRL,2020,372,IRL,.29228526,IE,0
Ireland,IRL,2004,372,IRL,.33609638,IE,0
Ireland,IRL,2018,372,IRL,.30602926,IE,0
Ireland,IRL,2009,372,IRL,.32682547,IE,0
Ireland,IRL,2007,372,IRL,.31946772,IE,0
Ireland,IRL,2019,372,IRL,.30831501,IE,0
Ireland,IRL,1996,372,IRL,.35622135,IE,0
Ireland,IRL,2014,372,IRL,.31876454,IE,0
Ireland,IRL,2021,372,IRL,.30119386,IE,0
Ireland,IRL,2002,372,IRL,.32290256,IE,0
Ireland,IRL,2011,372,IRL,.32874694,IE,0
Ireland,IRL,2003,372,IRL,.32887623,IE,0
Ireland,IRL,2010,372,IRL,.32297096,IE,0
Ireland,IRL,2000,372,IRL,.33005205,IE,0
Ireland,IRL,2017,372,IRL,.31359804,IE,0
Ireland,IRL,2005,372,IRL,.33754012,IE,0
Israel,ISR,2004,376,ISR,.414563,IL,0
Israel,ISR,1986,376,ISR,.36490539,IL,0
Israel,ISR,2012,376,ISR,.41302204,IL,0
Israel,ISR,1979,376,ISR,.36329976,IL,0
Israel,ISR,2015,376,ISR,.39719531,IL,0
Israel,ISR,2009,376,ISR,.42633951,IL,0
Israel,ISR,2019,376,ISR,.38282219,IL,0
Israel,ISR,1992,376,ISR,.35507256,IL,0
Israel,ISR,2002,376,ISR,.39559424,IL,0
Israel,ISR,2010,376,ISR,.42559466,IL,0
Israel,ISR,2020,376,ISR,.37773558,IL,0
Israel,ISR,2005,376,ISR,.42267624,IL,0
Israel,ISR,2016,376,ISR,.39013016,IL,0
Israel,ISR,2013,376,ISR,.39870527,IL,0
Israel,ISR,2006,376,ISR,.41555321,IL,0
Israel,ISR,2008,376,ISR,.41642681,IL,0
Israel,ISR,2007,376,ISR,.41098633,IL,0
Israel,ISR,2003,376,ISR,.4072257,IL,0
Israel,ISR,1997,376,ISR,.38097107,IL,0
Israel,ISR,2017,376,ISR,.38202065,IL,0
Israel,ISR,2018,376,ISR,.38577175,IL,0
Israel,ISR,2001,376,ISR,.38947663,IL,0
Israel,ISR,2014,376,ISR,.3975749,IL,0
Israel,ISR,2011,376,ISR,.41444165,IL,0
Israel,ISR,2021,376,ISR,.3789385,IL,0
Italy,ITA,1998,380,ITA,.36660787,IT,0
Italy,ITA,1980,380,ITA,.32899266,IT,0
Italy,ITA,1979,380,ITA,.33261541,IT,0
Italy,ITA,2003,380,ITA,.34931308,IT,0
Italy,ITA,1982,380,ITA,.2923156,IT,0
Italy,ITA,2017,380,ITA,.35928002,IT,0
Italy,ITA,1981,380,ITA,.31571811,IT,0
Italy,ITA,1978,380,ITA,.3327845,IT,0
Italy,ITA,2009,380,ITA,.33835772,IT,0
Italy,ITA,2013,380,ITA,.3491185,IT,0
Italy,ITA,1993,380,ITA,.35090646,IT,0
Italy,ITA,2015,380,ITA,.35397437,IT,0
Italy,ITA,2011,380,ITA,.35057214,IT,0
Italy,ITA,2016,380,ITA,.3524625,IT,0
Italy,ITA,2021,380,ITA,.34847546,IT,0
Italy,ITA,1986,380,ITA,.31162822,IT,0
Italy,ITA,2006,380,ITA,.33697397,IT,0
Italy,ITA,2008,380,ITA,.33770102,IT,0
Italy,ITA,1984,380,ITA,.31334364,IT,0
Italy,ITA,2000,380,ITA,.3525281,IT,0
Italy,ITA,2012,380,ITA,.35155609,IT,0
Italy,ITA,2020,380,ITA,.35244223,IT,0
Italy,ITA,2014,380,ITA,.34657329,IT,0
Italy,ITA,1977,380,ITA,.34006613,IT,0
Italy,ITA,1995,380,ITA,.35213169,IT,0
Italy,ITA,2002,380,ITA,.34703797,IT,0
Italy,ITA,1991,380,ITA,.3105199,IT,0
Italy,ITA,1989,380,ITA,.3210614,IT,0
Italy,ITA,2018,380,ITA,.35222572,IT,0
Italy,ITA,2010,380,ITA,.34721309,IT,0
Italy,ITA,1987,380,ITA,.34182754,IT,0
Italy,ITA,2019,380,ITA,.34587252,IT,0
Italy,ITA,2005,380,ITA,.33833605,IT,0
Italy,ITA,2004,380,ITA,.34295115,IT,0
Italy,ITA,1983,380,ITA,.29767215,IT,0
Italy,ITA,2007,380,ITA,.32890737,IT,0
Jamaica,JAM,2002,388,JAM,.48315963,JM,0
Jamaica,JAM,1996,388,JAM,.40394902,JM,0
Jamaica,JAM,1988,388,JAM,.43155026,JM,0
Jamaica,JAM,2021,388,JAM,.40210271,JM,0
Jamaica,JAM,1999,388,JAM,.44080198,JM,0
Jamaica,JAM,2018,388,JAM,.35638681,JM,0
Jamaica,JAM,1993,388,JAM,.35673422,JM,0
Jamaica,JAM,1990,388,JAM,.41113734,JM,0
Jamaica,JAM,2004,388,JAM,.45457473,JM,0
Japan,JPN,2010,392,JPN,.3210032,JP,0
Japan,JPN,2008,392,JPN,.34842315,JP,0
Japan,JPN,2013,392,JPN,.3285473,JP,0
Jordan,JOR,1997,400,JOR,.36420557,JO,0
Jordan,JOR,2002,400,JOR,.36954618,JO,0
Jordan,JOR,1992,400,JOR,.43362623,JO,0
Jordan,JOR,2008,400,JOR,.3257345,JO,0
Jordan,JOR,2010,400,JOR,.3365573,JO,0
Jordan,JOR,2006,400,JOR,.33856255,JO,0
Jordan,JOR,1986,400,JOR,.3606143,JO,0
Kazakhstan,KAZ,2005,398,KAZ,.39826038,KZ,0
Kazakhstan,KAZ,2008,398,KAZ,.28496444,KZ,0
Kazakhstan,KAZ,2001,398,KAZ,.35964757,KZ,0
Kazakhstan,KAZ,1996,398,KAZ,.35378307,KZ,0
Kazakhstan,KAZ,2006,398,KAZ,.30243865,KZ,0
Kazakhstan,KAZ,2012,398,KAZ,.28168821,KZ,0
Kazakhstan,KAZ,2003,398,KAZ,.33691478,KZ,0
Kazakhstan,KAZ,2009,398,KAZ,.28208867,KZ,0
Kazakhstan,KAZ,2004,398,KAZ,.3183876,KZ,0
Kazakhstan,KAZ,2016,398,KAZ,.27225325,KZ,0
Kazakhstan,KAZ,2018,398,KAZ,.27792874,KZ,0
Kazakhstan,KAZ,2002,398,KAZ,.34811139,KZ,0
Kazakhstan,KAZ,2010,398,KAZ,.27954513,KZ,0
Kazakhstan,KAZ,2013,398,KAZ,.27065429,KZ,0
Kazakhstan,KAZ,2007,398,KAZ,.30084056,KZ,0
Kazakhstan,KAZ,2011,398,KAZ,.27983844,KZ,0
Kazakhstan,KAZ,1993,398,KAZ,.32665735,KZ,0
Kazakhstan,KAZ,2017,398,KAZ,.27450275,KZ,0
Kazakhstan,KAZ,2020,398,KAZ,.28683919,KZ,0
Kazakhstan,KAZ,2019,398,KAZ,.27968282,KZ,0
Kazakhstan,KAZ,2015,398,KAZ,.26803666,KZ,0
Kazakhstan,KAZ,2014,398,KAZ,.27015859,KZ,0
Kazakhstan,KAZ,2021,398,KAZ,.29191533,KZ,0
Kenya,KEN,1997,404,KEN,.44983077,KE,0
Kenya,KEN,2005,404,KEN,.46452925,KE,0
Kenya,KEN,2021,404,KEN,.38703761,KE,0
Kenya,KEN,2015,404,KEN,.40775773,KE,0
Kenya,KEN,2020,404,KEN,.36246458,KE,0
Kenya,KEN,1992,404,KEN,.57460964,KE,0
Kenya,KEN,1994,404,KEN,.43108571,KE,0
Kiribati,KIR,2006,296,KIR,.36973003,KI,0
Kiribati,KIR,2019,296,KIR,.27832702,KI,0
Korea (the Republic of),KOR,2006,410,KOR,.31702983,KR,0
Korea (the Republic of),KOR,2016,410,KOR,.31404856,KR,0
Korea (the Republic of),KOR,2010,410,KOR,.32021224,KR,0
Korea (the Republic of),KOR,2014,410,KOR,.31192905,KR,0
Korea (the Republic of),KOR,2012,410,KOR,.31558052,KR,0
Korea (the Republic of),KOR,2008,410,KOR,.32324833,KR,0
Kosovo,KOS,2011,,OWID_KOS,.27831748,,0
Kosovo,KOS,2016,,OWID_KOS,.26721144,,0
Kosovo,KOS,2017,,OWID_KOS,.29012942,,0
Kosovo,KOS,2003,,OWID_KOS,.28953856,,0
Kosovo,KOS,2009,,OWID_KOS,.31781715,,0
Kosovo,KOS,2006,,OWID_KOS,.30321634,,0
Kosovo,KOS,2012,,OWID_KOS,.28972268,,0
Kosovo,KOS,2013,,OWID_KOS,.2630659,,0
Kosovo,KOS,2005,,OWID_KOS,.31238231,,0
Kosovo,KOS,2014,,OWID_KOS,.27270171,,0
Kosovo,KOS,2015,,OWID_KOS,.26454154,,0
Kosovo,KOS,2010,,OWID_KOS,.33254302,,0
Kyrgyzstan,KGZ,2015,417,KGZ,.28997916,KG,0
Kyrgyzstan,KGZ,2012,417,KGZ,.27357274,KG,0
Kyrgyzstan,KGZ,2011,417,KGZ,.27839863,KG,0
Kyrgyzstan,KGZ,2008,417,KGZ,.31450686,KG,0
Kyrgyzstan,KGZ,2007,417,KGZ,.33911821,KG,0
Kyrgyzstan,KGZ,2005,417,KGZ,.3256143,KG,0
Kyrgyzstan,KGZ,2013,417,KGZ,.28815484,KG,0
Kyrgyzstan,KGZ,2006,417,KGZ,.37381241,KG,0
Kyrgyzstan,KGZ,2004,417,KGZ,.3477343,KG,0
Kyrgyzstan,KGZ,2009,417,KGZ,.29874915,KG,0
Kyrgyzstan,KGZ,2018,417,KGZ,.27690327,KG,0
Kyrgyzstan,KGZ,2014,417,KGZ,.26819003,KG,0
Kyrgyzstan,KGZ,2000,417,KGZ,.31035012,KG,0
Kyrgyzstan,KGZ,2010,417,KGZ,.30133915,KG,0
Kyrgyzstan,KGZ,2020,417,KGZ,.28989273,KG,0
Kyrgyzstan,KGZ,2016,417,KGZ,.26780769,KG,0
Kyrgyzstan,KGZ,2001,417,KGZ,.3016398,KG,0
Kyrgyzstan,KGZ,2002,417,KGZ,.30302387,KG,0
Kyrgyzstan,KGZ,2003,417,KGZ,.28708646,KG,0
Kyrgyzstan,KGZ,2021,417,KGZ,.28793651,KG,0
Kyrgyzstan,KGZ,2019,417,KGZ,.29701224,KG,0
Kyrgyzstan,KGZ,2017,417,KGZ,.27335009,KG,0
Lao People's Democratic Republic (the),LAO,2012,418,LAO,.35963547,LA,0
Lao People's Democratic Republic (the),LAO,2002,418,LAO,.32620108,LA,0
Lao People's Democratic Republic (the),LAO,1997,418,LAO,.34895441,LA,0
Lao People's Democratic Republic (the),LAO,2007,418,LAO,.35361034,LA,0
Lao People's Democratic Republic (the),LAO,2018,418,LAO,.38802433,LA,0
Lao People's Democratic Republic (the),LAO,1992,418,LAO,.34309775,LA,0
Latvia,LVA,2013,428,LVA,.35500571,LV,0
Latvia,LVA,2019,428,LVA,.34489539,LV,0
Latvia,LVA,2018,428,LVA,.35096151,LV,0
Latvia,LVA,2012,428,LVA,.35237688,LV,0
Latvia,LVA,1993,428,LVA,.26993132,LV,0
Latvia,LVA,2009,428,LVA,.35950676,LV,0
Latvia,LVA,2021,428,LVA,.34257108,LV,0
Latvia,LVA,2006,428,LVA,.35602766,LV,0
Latvia,LVA,2004,428,LVA,.36393496,LV,0
Latvia,LVA,1996,428,LVA,.31641865,LV,0
Latvia,LVA,2011,428,LVA,.35774368,LV,0
Latvia,LVA,2007,428,LVA,.37462944,LV,0
Latvia,LVA,2008,428,LVA,.37214267,LV,0
Latvia,LVA,2020,428,LVA,.35704768,LV,0
Latvia,LVA,2016,428,LVA,.34329629,LV,0
Latvia,LVA,2017,428,LVA,.35571936,LV,0
Latvia,LVA,2005,428,LVA,.38981482,LV,0
Latvia,LVA,1995,428,LVA,.30977488,LV,0
Latvia,LVA,2014,428,LVA,.35115233,LV,0
Latvia,LVA,2015,428,LVA,.34204435,LV,0
Latvia,LVA,2010,428,LVA,.35034409,LV,0
Lebanon,LBN,2011,422,LBN,.31832451,LB,0
Lesotho,LSO,1986,426,LSO,.56016058,LS,0
Lesotho,LSO,2002,426,LSO,.51574922,LS,0
Lesotho,LSO,1994,426,LSO,.63240367,LS,0
Lesotho,LSO,2017,426,LSO,.44879702,LS,0
Liberia,LBR,2014,430,LBR,.33237883,LR,0
Liberia,LBR,2007,430,LBR,.36477745,LR,0
Liberia,LBR,2016,430,LBR,.35265461,LR,0
Lithuania,LTU,2005,440,LTU,.35302207,LT,0
Lithuania,LTU,2012,440,LTU,.35098681,LT,0
Lithuania,LTU,2019,440,LTU,.35253152,LT,0
Lithuania,LTU,2018,440,LTU,.35707808,LT,0
Lithuania,LTU,2008,440,LTU,.35734266,LT,0
Lithuania,LTU,2020,440,LTU,.35957366,LT,0
Lithuania,LTU,2021,440,LTU,.36657408,LT,0
Lithuania,LTU,2010,440,LTU,.33619305,LT,0
Lithuania,LTU,2013,440,LTU,.35311148,LT,0
Lithuania,LTU,2009,440,LTU,.37225989,LT,0
Lithuania,LTU,2007,440,LTU,.34797189,LT,0
Lithuania,LTU,2004,440,LTU,.37023887,LT,0
Lithuania,LTU,2017,440,LTU,.372897,LT,0
Lithuania,LTU,2016,440,LTU,.38391206,LT,0
Lithuania,LTU,2006,440,LTU,.34418988,LT,0
Lithuania,LTU,2014,440,LTU,.37681442,LT,0
Lithuania,LTU,1993,440,LTU,.33641136,LT,0
Lithuania,LTU,2015,440,LTU,.37375224,LT,0
Lithuania,LTU,2011,440,LTU,.32491052,LT,0
Luxembourg,LUX,1990,442,LUX,.2770192,LU,0
Luxembourg,LUX,1989,442,LUX,.30814338,LU,0
Luxembourg,LUX,2008,442,LUX,.32561544,LU,0
Luxembourg,LUX,1996,442,LUX,.29043368,LU,0
Luxembourg,LUX,2007,442,LUX,.3113375,LU,0
Luxembourg,LUX,1994,442,LUX,.28147867,LU,0
Luxembourg,LUX,2014,442,LUX,.31158319,LU,0
Luxembourg,LUX,2001,442,LUX,.30926323,LU,0
Luxembourg,LUX,1998,442,LUX,.30605367,LU,0
Luxembourg,LUX,1995,442,LUX,.28301048,LU,0
Luxembourg,LUX,2018,442,LUX,.35368094,LU,0
Luxembourg,LUX,1993,442,LUX,.27047905,LU,0
Luxembourg,LUX,2011,442,LUX,.3205412,LU,0
Luxembourg,LUX,1997,442,LUX,.2957325,LU,0
Luxembourg,LUX,2021,442,LUX,.32734779,LU,0
Luxembourg,LUX,2003,442,LUX,.30187473,LU,0
Luxembourg,LUX,1987,442,LUX,.29547071,LU,0
Luxembourg,LUX,2020,442,LUX,.33373639,LU,0
Luxembourg,LUX,2000,442,LUX,.30102962,LU,0
Luxembourg,LUX,1999,442,LUX,.30041057,LU,0
Luxembourg,LUX,2016,442,LUX,.31727982,LU,0
Luxembourg,LUX,1986,442,LUX,.28112763,LU,0
Luxembourg,LUX,2017,442,LUX,.34515738,LU,0
Luxembourg,LUX,2009,442,LUX,.31196919,LU,0
Luxembourg,LUX,1992,442,LUX,.27309504,LU,0
Luxembourg,LUX,2015,442,LUX,.32922232,LU,0
Luxembourg,LUX,1988,442,LUX,.28827298,LU,0
Luxembourg,LUX,2013,442,LUX,.32036045,LU,0
Luxembourg,LUX,2002,442,LUX,.30982989,LU,0
Luxembourg,LUX,2004,442,LUX,.30172697,LU,0
Luxembourg,LUX,2006,442,LUX,.3094812,LU,0
Luxembourg,LUX,1985,442,LUX,.26294357,LU,0
Luxembourg,LUX,2005,442,LUX,.30840808,LU,0
Luxembourg,LUX,2012,442,LUX,.3434715,LU,0
Luxembourg,LUX,1991,442,LUX,.27178529,LU,0
Luxembourg,LUX,2019,442,LUX,.34241262,LU,0
Luxembourg,LUX,2010,442,LUX,.30504379,LU,0
Madagascar,MDG,1980,450,MDG,.46848851,MG,0
Madagascar,MDG,2012,450,MDG,.42648181,MG,0
Madagascar,MDG,2010,450,MDG,.42417488,MG,0
Madagascar,MDG,1993,450,MDG,.45255697,MG,0
Madagascar,MDG,1999,450,MDG,.38607481,MG,0
Madagascar,MDG,2001,450,MDG,.4743543,MG,0
Madagascar,MDG,1997,450,MDG,.39468354,MG,0
Madagascar,MDG,2005,450,MDG,.3993718,MG,0
Malawi,MWI,2004,454,MWI,.3987346,MW,0
Malawi,MWI,1997,454,MWI,.6575557,MW,0
Malawi,MWI,2016,454,MWI,.44694307,MW,0
Malawi,MWI,2010,454,MWI,.45475972,MW,0
Malawi,MWI,2019,454,MWI,.38543174,MW,0
Malaysia,MYS,2018,458,MYS,.41176775,MY,0
Malaysia,MYS,1997,458,MYS,.49149662,MY,0
Malaysia,MYS,1989,458,MYS,.46168503,MY,0
Malaysia,MYS,1995,458,MYS,.48522672,MY,0
Malaysia,MYS,2011,458,MYS,.43943596,MY,0
Malaysia,MYS,1984,458,MYS,.48624814,MY,0
Malaysia,MYS,1987,458,MYS,.47041836,MY,0
Malaysia,MYS,2015,458,MYS,.41066399,MY,0
Malaysia,MYS,2003,458,MYS,.46416202,MY,0
Malaysia,MYS,1992,458,MYS,.47653726,MY,0
Malaysia,MYS,2013,458,MYS,.41348827,MY,0
Malaysia,MYS,2021,458,MYS,.40668428,MY,0
Malaysia,MYS,2006,458,MYS,.4475235,MY,0
Malaysia,MYS,2008,458,MYS,.45479712,MY,0
Maldives,MDV,2019,462,MDV,.29285091,MV,0
Maldives,MDV,2009,462,MDV,.38372764,MV,0
Maldives,MDV,2002,462,MDV,.41312027,MV,0
Maldives,MDV,2016,462,MDV,.31285647,MV,0
Mali,MLI,1994,466,MLI,.50441235,ML,0
Mali,MLI,2021,466,MLI,.35653594,ML,0
Mali,MLI,2018,466,MLI,.35963359,ML,0
Mali,MLI,2006,466,MLI,.38929963,ML,0
Mali,MLI,2001,466,MLI,.39867282,ML,0
Mali,MLI,2009,466,MLI,.33037955,ML,0
Malta,MLT,2011,470,MLT,.29142591,MT,0
Malta,MLT,2007,470,MLT,.29207739,MT,0
Malta,MLT,2015,470,MLT,.29433772,MT,0
Malta,MLT,2018,470,MLT,.28665087,MT,0
Malta,MLT,2012,470,MLT,.29360449,MT,0
Malta,MLT,2014,470,MLT,.29020345,MT,0
Malta,MLT,2010,470,MLT,.29025868,MT,0
Malta,MLT,2013,470,MLT,.28843665,MT,0
Malta,MLT,2020,470,MLT,.3140378,MT,0
Malta,MLT,2017,470,MLT,.2923224,MT,0
Malta,MLT,2019,470,MLT,.31042081,MT,0
Malta,MLT,2006,470,MLT,.28019977,MT,0
Malta,MLT,2016,470,MLT,.29089114,MT,0
Malta,MLT,2008,470,MLT,.28995508,MT,0
Malta,MLT,2009,470,MLT,.30244797,MT,0
Marshall Islands (the),MHL,2019,584,MHL,.35482943,MH,0
Mauritania,MRT,1987,478,MRT,.43939015,MR,0
Mauritania,MRT,2004,478,MRT,.40168771,MR,0
Mauritania,MRT,1993,478,MRT,.50051558,MR,0
Mauritania,MRT,2000,478,MRT,.39028475,MR,0
Mauritania,MRT,2019,478,MRT,.31996837,MR,0
Mauritania,MRT,1995,478,MRT,.37747362,MR,0
Mauritania,MRT,2008,478,MRT,.35685378,MR,0
Mauritania,MRT,2014,478,MRT,.32619351,MR,0
Mauritius,MUS,2006,480,MUS,.35653421,MU,0
Mauritius,MUS,2017,480,MUS,.36761206,MU,0
Mauritius,MUS,2012,480,MUS,.38465399,MU,0
Mexico,MEX,2004,484,MEX,.50344104,MX,0
Mexico,MEX,2002,484,MEX,.50583386,MX,0
Mexico,MEX,2000,484,MEX,.53420359,MX,0
Mexico,MEX,2005,484,MEX,.50941753,MX,0
Mexico,MEX,2016,484,MEX,.46912822,MX,0
Mexico,MEX,1994,484,MEX,.53422558,MX,0
Mexico,MEX,2012,484,MEX,.49597645,MX,0
Mexico,MEX,2014,484,MEX,.48913074,MX,0
Mexico,MEX,2010,484,MEX,.47658798,MX,0
Mexico,MEX,2022,484,MEX,.43454525,MX,0
Mexico,MEX,2008,484,MEX,.50845385,MX,0
Mexico,MEX,2018,484,MEX,.45955244,MX,0
Mexico,MEX,1989,484,MEX,.50112903,MX,0
Mexico,MEX,2006,484,MEX,.49712664,MX,0
Mexico,MEX,2020,484,MEX,.44595087,MX,0
Mexico,MEX,1992,484,MEX,.52311224,MX,0
Mexico,MEX,1996,484,MEX,.51974005,MX,0
Mexico,MEX,1998,484,MEX,.5328452,MX,0
Mexico,MEX,1984,484,MEX,.48527011,MX,0
Micronesia (Federated States of),FSM,2005,583,FSM,.423558,FM,0
Micronesia (Federated States of),FSM,2013,583,FSM,.40057632,FM,0
Micronesia (Federated States of),FSM,2000,583,,.63261968,FM,0
Moldova (the Republic of),MDA,2010,498,MDA,.3205092,MD,0
Moldova (the Republic of),MDA,2017,498,MDA,.25899243,MD,0
Moldova (the Republic of),MDA,2013,498,MDA,.28534159,MD,0
Moldova (the Republic of),MDA,2002,498,MDA,.35845909,MD,0
Moldova (the Republic of),MDA,2008,498,MDA,.34692442,MD,0
Moldova (the Republic of),MDA,1999,498,MDA,.42624205,MD,0
Moldova (the Republic of),MDA,2005,498,MDA,.36280838,MD,0
Moldova (the Republic of),MDA,2000,498,MDA,.36425692,MD,0
Moldova (the Republic of),MDA,2007,498,MDA,.34421042,MD,0
Moldova (the Republic of),MDA,2016,498,MDA,.26345387,MD,0
Moldova (the Republic of),MDA,2014,498,MDA,.26833853,MD,0
Moldova (the Republic of),MDA,2006,498,MDA,.35400927,MD,0
Moldova (the Republic of),MDA,2009,498,MDA,.32910907,MD,0
Moldova (the Republic of),MDA,2011,498,MDA,.30628577,MD,0
Moldova (the Republic of),MDA,1998,498,MDA,.3951855,MD,0
Moldova (the Republic of),MDA,2015,498,MDA,.27028158,MD,0
Moldova (the Republic of),MDA,2003,498,MDA,.34902084,MD,0
Moldova (the Republic of),MDA,2001,498,MDA,.37989193,MD,0
Moldova (the Republic of),MDA,2004,498,MDA,.35029566,MD,0
Moldova (the Republic of),MDA,2012,498,MDA,.2915884,MD,0
Moldova (the Republic of),MDA,2019,498,MDA,.26016647,MD,0
Moldova (the Republic of),MDA,2021,498,MDA,.25731638,MD,0
Moldova (the Republic of),MDA,1997,498,MDA,.36942145,MD,0
Moldova (the Republic of),MDA,2018,498,MDA,.25661647,MD,0
Mongolia,MNG,2011,496,MNG,.33883506,MN,0
Mongolia,MNG,2016,496,MNG,.32345733,MN,0
Mongolia,MNG,2002,496,MNG,.32892948,MN,0
Mongolia,MNG,2014,496,MNG,.32037789,MN,0
Mongolia,MNG,2010,496,MNG,.33081213,MN,0
Mongolia,MNG,2022,496,MNG,.31416476,MN,0
Mongolia,MNG,2007,496,MNG,.3582187,MN,0
Mongolia,MNG,1995,496,MNG,.33195341,MN,0
Mongolia,MNG,2012,496,MNG,.33751616,MN,0
Mongolia,MNG,1998,496,MNG,.30271962,MN,0
Mongolia,MNG,2018,496,MNG,.32740989,MN,0
Montenegro,MNE,2013,499,MNE,.39021727,ME,0
Montenegro,MNE,2014,499,MNE,.38772172,ME,0
Montenegro,MNE,2016,499,MNE,.38487947,ME,0
Montenegro,MNE,2017,499,MNE,.36906824,ME,0
Montenegro,MNE,2019,499,MNE,.35665709,ME,0
Montenegro,MNE,2020,499,MNE,.35417116,ME,0
Montenegro,MNE,2018,499,MNE,.36811927,ME,0
Montenegro,MNE,2012,499,MNE,.41215926,ME,0
Montenegro,MNE,2015,499,MNE,.39005032,ME,0
Montenegro,MNE,2021,499,MNE,.34304917,ME,0
Morocco,MAR,1998,504,MAR,.39353913,MA,0
Morocco,MAR,2000,504,MAR,.40637007,MA,0
Morocco,MAR,1990,504,MAR,.39206904,MA,0
Morocco,MAR,2006,504,MAR,.40718302,MA,0
Morocco,MAR,2013,504,MAR,.39548507,MA,0
Morocco,MAR,1984,504,MAR,.39186636,MA,0
Mozambique,MOZ,2014,508,MOZ,.53996682,MZ,0
Mozambique,MOZ,2019,508,MOZ,.50453979,MZ,0
Mozambique,MOZ,1996,508,MOZ,.53559864,MZ,0
Mozambique,MOZ,2002,508,MOZ,.47039071,MZ,0
Mozambique,MOZ,2008,508,MOZ,.45578337,MZ,0
Myanmar,MMR,2015,104,MMR,.38068509,MM,0
Myanmar,MMR,2017,104,MMR,.30696869,MM,0
Namibia,NAM,2003,516,NAM,.63318759,NA,0
Namibia,NAM,2015,516,NAM,.59066612,NA,0
Namibia,NAM,2009,516,NAM,.60965174,NA,0
Nauru,NRU,2012,520,NRU,.32361579,NR,0
Nepal,NPL,2003,524,NPL,.43768105,NP,0
Nepal,NPL,1984,524,NPL,.30057541,NP,0
Nepal,NPL,1995,524,NPL,.35207018,NP,0
Nepal,NPL,2010,524,NPL,.32840586,NP,0
Netherlands (the),NLD,2014,528,NLD,.28631419,NL,0
Netherlands (the),NLD,2011,528,NLD,.27750087,NL,0
Netherlands (the),NLD,2010,528,NLD,.27845249,NL,0
Netherlands (the),NLD,2004,528,NLD,.29800025,NL,0
Netherlands (the),NLD,2019,528,NLD,.29248333,NL,0
Netherlands (the),NLD,2006,528,NLD,.30043328,NL,0
Netherlands (the),NLD,2005,528,NLD,.29048231,NL,0
Netherlands (the),NLD,2016,528,NLD,.28173569,NL,0
Netherlands (the),NLD,2008,528,NLD,.29298013,NL,0
Netherlands (the),NLD,2021,528,NLD,.25743884,NL,0
Netherlands (the),NLD,2009,528,NLD,.27881998,NL,0
Netherlands (the),NLD,1983,528,NLD,.28366053,NL,0
Netherlands (the),NLD,1993,528,NLD,.30434981,NL,0
Netherlands (the),NLD,2018,528,NLD,.28121081,NL,0
Netherlands (the),NLD,2012,528,NLD,.27620929,NL,0
Netherlands (the),NLD,2013,528,NLD,.28106481,NL,0
Netherlands (the),NLD,1990,528,NLD,.31090072,NL,0
Netherlands (the),NLD,2015,528,NLD,.28241581,NL,0
Netherlands (the),NLD,2020,528,NLD,.25994211,NL,0
Netherlands (the),NLD,2007,528,NLD,.29592779,NL,0
Netherlands (the),NLD,1987,528,NLD,.26771623,NL,0
Netherlands (the),NLD,2017,528,NLD,.28535819,NL,0
Netherlands (the),NLD,1999,528,NLD,.28063396,NL,0
Nicaragua,NIC,2009,558,NIC,.43942162,NI,0
Nicaragua,NIC,2005,558,NIC,.48822185,NI,0
Nicaragua,NIC,2014,558,NIC,.46156293,NI,0
Nicaragua,NIC,2001,558,NIC,.52877516,NI,0
Nicaragua,NIC,1998,558,NIC,.54432839,NI,0
Nicaragua,NIC,1993,558,NIC,.57359284,NI,0
Niger (the),NER,2018,562,NER,.37259424,NE,0
Niger (the),NER,1992,562,NER,.36097544,NE,0
Niger (the),NER,2021,562,NER,.32862565,NE,0
Niger (the),NER,2007,562,NER,.37304455,NE,0
Niger (the),NER,2011,562,NER,.31451714,NE,0
Niger (the),NER,2005,562,NER,.44425443,NE,0
Niger (the),NER,2014,562,NER,.34276575,NE,0
Niger (the),NER,1994,562,NER,.41525966,NE,0
Nigeria,NGA,2015,566,NGA,.35879779,NG,0
Nigeria,NGA,2010,566,NGA,.35650209,NG,0
Nigeria,NGA,2018,566,NGA,.35127744,NG,0
Nigeria,NGA,2003,566,NGA,.40063578,NG,0
Nigeria,NGA,2012,566,NGA,.35513008,NG,0
Nigeria,NGA,1996,566,NGA,.51922244,NG,0
Nigeria,NGA,1985,566,NGA,.3867785,NG,0
Nigeria,NGA,1992,566,NGA,.44984055,NG,0
Norway,NOR,2012,578,NOR,.25726262,NO,0
Norway,NOR,2011,578,NOR,.25300366,NO,0
Norway,NOR,2016,578,NOR,.28493744,NO,0
Norway,NOR,2015,578,NOR,.27496895,NO,0
Norway,NOR,2017,578,NOR,.26987329,NO,0
Norway,NOR,2008,578,NOR,.26996532,NO,0
Norway,NOR,1991,578,NOR,.25227585,NO,0
Norway,NOR,2007,578,NOR,.27090815,NO,0
Norway,NOR,2003,578,NOR,.27627292,NO,0
Norway,NOR,1995,578,NOR,.26020533,NO,0
Norway,NOR,2004,578,NOR,.31579077,NO,0
Norway,NOR,1979,578,NOR,.2689476,NO,0
Norway,NOR,2019,578,NOR,.27742285,NO,0
Norway,NOR,2006,578,NOR,.26354173,NO,0
Norway,NOR,2010,578,NOR,.25723967,NO,0
Norway,NOR,2013,578,NOR,.26361203,NO,0
Norway,NOR,2009,578,NOR,.26158369,NO,0
Norway,NOR,2005,578,NOR,.30597559,NO,0
Norway,NOR,2014,578,NOR,.26752627,NO,0
Norway,NOR,2000,578,NOR,.27358785,NO,0
Norway,NOR,2018,578,NOR,.27560863,NO,0
Norway,NOR,1986,578,NOR,.24630482,NO,0
Pakistan,PAK,2007,586,PAK,.29669502,PK,0
Pakistan,PAK,2011,586,PAK,.29697958,PK,0
Pakistan,PAK,1987,586,PAK,.33316898,PK,0
Pakistan,PAK,2013,586,PAK,.29528573,PK,0
Pakistan,PAK,2005,586,PAK,.31261253,PK,0
Pakistan,PAK,1998,586,PAK,.33123294,PK,0
Pakistan,PAK,2001,586,PAK,.2865302,PK,0
Pakistan,PAK,2010,586,PAK,.28780863,PK,0
Pakistan,PAK,1990,586,PAK,.3324866,PK,0
Pakistan,PAK,2018,586,PAK,.29589266,PK,0
Pakistan,PAK,2004,586,PAK,.30886108,PK,0
Pakistan,PAK,1996,586,PAK,.28664988,PK,0
Pakistan,PAK,2015,586,PAK,.31291267,PK,0
"Palestine, State of",PSE,2011,275,PSE,.34415236,PS,0
"Palestine, State of",PSE,2016,275,PSE,.33690041,PS,0
"Palestine, State of",PSE,2007,275,PSE,.35606077,PS,0
"Palestine, State of",PSE,2009,275,PSE,.34463975,PS,0
"Palestine, State of",PSE,2005,275,PSE,.34742624,PS,0
"Palestine, State of",PSE,2006,275,PSE,.33959281,PS,0
"Palestine, State of",PSE,2004,275,PSE,.34044659,PS,0
"Palestine, State of",PSE,2010,275,PSE,.35294431,PS,0
Panama,PAN,2004,591,PAN,.54780126,PA,0
Panama,PAN,1979,591,PAN,.48740143,PA,0
Panama,PAN,2006,591,PAN,.54645401,PA,0
Panama,PAN,1999,591,PAN,.56455779,PA,0
Panama,PAN,2015,591,PAN,.50806665,PA,0
Panama,PAN,2018,591,PAN,.49212474,PA,0
Panama,PAN,1995,591,PAN,.57811224,PA,0
Panama,PAN,2008,591,PAN,.52693385,PA,0
Panama,PAN,1998,591,PAN,.57480836,PA,0
Panama,PAN,1989,591,PAN,.58907712,PA,0
Panama,PAN,2009,591,PAN,.5177117,PA,0
Panama,PAN,2014,591,PAN,.50466871,PA,0
Panama,PAN,2012,591,PAN,.51739955,PA,0
Panama,PAN,2021,591,PAN,.50861204,PA,0
Panama,PAN,2001,591,PAN,.56745279,PA,0
Panama,PAN,2000,591,PAN,.56639016,PA,0
Panama,PAN,2023,591,PAN,.48876542,PA,0
Panama,PAN,2003,591,PAN,.55662787,PA,0
Panama,PAN,2019,591,PAN,.49838337,PA,0
Panama,PAN,2013,591,PAN,.51457196,PA,0
Panama,PAN,2017,591,PAN,.49888504,PA,0
Panama,PAN,1991,591,PAN,.58219618,PA,0
Panama,PAN,2007,591,PAN,.5268926,PA,0
Panama,PAN,2016,591,PAN,.50407732,PA,0
Panama,PAN,2005,591,PAN,.53811473,PA,0
Panama,PAN,1997,591,PAN,.58231729,PA,0
Panama,PAN,2011,591,PAN,.51348317,PA,0
Panama,PAN,2010,591,PAN,.51609761,PA,0
Panama,PAN,2002,591,PAN,.56101978,PA,0
Papua New Guinea,PNG,2009,598,PNG,.41850787,PG,0
Papua New Guinea,PNG,1996,598,PNG,.45771351,PG,0
Paraguay,PRY,2012,600,PRY,.47633564,PY,0
Paraguay,PRY,2006,600,PRY,.52995491,PY,0
Paraguay,PRY,2003,600,PRY,.54938352,PY,0
Paraguay,PRY,1999,600,PRY,.54577464,PY,0
Paraguay,PRY,2008,600,PRY,.50704694,PY,0
Paraguay,PRY,2018,600,PRY,.45955101,PY,0
Paraguay,PRY,2005,600,PRY,.51381791,PY,0
Paraguay,PRY,1997,600,PRY,.54892433,PY,0
Paraguay,PRY,2007,600,PRY,.53041208,PY,0
Paraguay,PRY,1990,600,PRY,.40839344,PY,0
Paraguay,PRY,2016,600,PRY,.47899717,PY,0
Paraguay,PRY,2019,600,PRY,.45650637,PY,0
Paraguay,PRY,2009,600,PRY,.49145761,PY,0
Paraguay,PRY,2021,600,PRY,.42905566,PY,0
Paraguay,PRY,2022,600,PRY,.45109698,PY,0
Paraguay,PRY,2020,600,PRY,.43481943,PY,0
Paraguay,PRY,2002,600,PRY,.57276291,PY,0
Paraguay,PRY,2010,600,PRY,.5098244,PY,0
Paraguay,PRY,2004,600,PRY,.52262813,PY,0
Paraguay,PRY,1995,600,PRY,.58159041,PY,0
Paraguay,PRY,2015,600,PRY,.47605908,PY,0
Paraguay,PRY,2001,600,PRY,.54629302,PY,0
Paraguay,PRY,2011,600,PRY,.5230993,PY,0
Paraguay,PRY,2017,600,PRY,.48547491,PY,0
Paraguay,PRY,2013,600,PRY,.47936031,PY,0
Paraguay,PRY,2014,600,PRY,.50702643,PY,0
Peru,PER,2022,604,PER,.40349811,PE,0
Peru,PER,2016,604,PER,.43639258,PE,0
Peru,PER,2012,604,PER,.4444041,PE,0
Peru,PER,2010,604,PER,.45537925,PE,0
Peru,PER,2018,604,PER,.42365691,PE,0
Peru,PER,2011,604,PER,.44660151,PE,0
Peru,PER,2008,604,PER,.47487339,PE,0
Peru,PER,2002,604,PER,.53565925,PE,0
Peru,PER,1999,604,PER,.54828894,PE,0
Peru,PER,1998,604,PER,.55121517,PE,0
Peru,PER,2009,604,PER,.4700658,PE,0
Peru,PER,2013,604,PER,.43882897,PE,0
Peru,PER,2019,604,PER,.41528258,PE,0
Peru,PER,2017,604,PER,.43292791,PE,0
Peru,PER,2014,604,PER,.43139225,PE,0
Peru,PER,2001,604,PER,.51306331,PE,0
Peru,PER,2021,604,PER,.40121922,PE,0
Peru,PER,2003,604,PER,.53081328,PE,0
Peru,PER,1997,604,PER,.53259367,PE,0
Peru,PER,2020,604,PER,.43742797,PE,0
Peru,PER,2007,604,PER,.50022042,PE,0
Peru,PER,2000,604,PER,.49073362,PE,0
Peru,PER,2005,604,PER,.50451356,PE,0
Peru,PER,2004,604,PER,.4988085,PE,0
Peru,PER,2006,604,PER,.50332856,PE,0
Peru,PER,2015,604,PER,.43356401,PE,0
Philippines (the),PHL,2009,608,PHL,.41760337,PH,0
Philippines (the),PHL,2012,608,PHL,.4222433,PH,0
Philippines (the),PHL,2000,608,PHL,.42799473,PH,0
Philippines (the),PHL,1985,608,PHL,.41037434,PH,0
Philippines (the),PHL,1991,608,PHL,.43823552,PH,0
Philippines (the),PHL,2018,608,PHL,.37811705,PH,0
Philippines (the),PHL,2015,608,PHL,.40351498,PH,0
Philippines (the),PHL,2003,608,PHL,.41494659,PH,0
Philippines (the),PHL,1994,608,PHL,.42888388,PH,0
Philippines (the),PHL,2006,608,PHL,.42858839,PH,0
Philippines (the),PHL,1988,608,PHL,.40746269,PH,0
Philippines (the),PHL,1997,608,PHL,.45962209,PH,0
Philippines (the),PHL,2021,608,PHL,.37268466,PH,0
Poland,POL,1987,616,POL,.25525129,PL,0
Poland,POL,2014,616,POL,.32824492,PL,0
Poland,POL,2005,616,POL,.35808986,PL,0
Poland,POL,2016,616,POL,.31189826,PL,0
Poland,POL,2013,616,POL,.33137462,PL,0
Poland,POL,2008,616,POL,.33485848,PL,0
Poland,POL,1989,616,POL,.26892471,PL,0
Poland,POL,2020,616,POL,.2846286,PL,0
Poland,POL,1995,616,POL,.3464472,PL,0
Poland,POL,2007,616,POL,.34002686,PL,0
Poland,POL,1985,616,POL,.25164965,PL,0
Poland,POL,2011,616,POL,.33181041,PL,0
Poland,POL,2021,616,POL,.28479671,PL,0
Poland,POL,2017,616,POL,.29686049,PL,0
Poland,POL,2009,616,POL,.3335602,PL,0
Poland,POL,2015,616,POL,.31751534,PL,0
Poland,POL,2012,616,POL,.33020338,PL,0
Poland,POL,2018,616,POL,.30215439,PL,0
Poland,POL,2004,616,POL,.3802551,PL,0
Poland,POL,2019,616,POL,.2876029,PL,0
Poland,POL,2010,616,POL,.33215219,PL,0
Poland,POL,2006,616,POL,.34668764,PL,0
Poland,POL,1992,616,POL,.29298562,PL,0
Poland,POL,1986,616,POL,.27984542,PL,0
Poland,POL,1999,616,POL,.32289156,PL,0
Portugal,PRT,2007,620,PRT,.36750183,PT,0
Portugal,PRT,2018,620,PRT,.33492562,PT,0
Portugal,PRT,2014,620,PRT,.35562173,PT,0
Portugal,PRT,2004,620,PRT,.38938835,PT,0
Portugal,PRT,2016,620,PRT,.3519052,PT,0
Portugal,PRT,2019,620,PRT,.32762748,PT,0
Portugal,PRT,2017,620,PRT,.33803841,PT,0
Portugal,PRT,2015,620,PRT,.35523301,PT,0
Portugal,PRT,2011,620,PRT,.36344677,PT,0
Portugal,PRT,2006,620,PRT,.38060781,PT,0
Portugal,PRT,2005,620,PRT,.38480073,PT,0
Portugal,PRT,2021,620,PRT,.34592035,PT,0
Portugal,PRT,2010,620,PRT,.35844672,PT,0
Portugal,PRT,2012,620,PRT,.36034793,PT,0
Portugal,PRT,2013,620,PRT,.36187103,PT,0
Portugal,PRT,2003,620,PRT,.38775352,PT,0
Portugal,PRT,2020,620,PRT,.3466863,PT,0
Portugal,PRT,2009,620,PRT,.34907416,PT,0
Portugal,PRT,2008,620,PRT,.3663415,PT,0
Republic of North Macedonia,MKD,2010,807,MKD,.40160623,MK,0
Republic of North Macedonia,MKD,2009,807,MKD,.42764455,MK,0
Republic of North Macedonia,MKD,2014,807,MKD,.35205436,MK,0
Republic of North Macedonia,MKD,2019,807,MKD,.33505884,MK,0
Republic of North Macedonia,MKD,2011,807,MKD,.39374107,MK,0
Republic of North Macedonia,MKD,2017,807,MKD,.34200203,MK,0
Republic of North Macedonia,MKD,2013,807,MKD,.36242935,MK,0
Republic of North Macedonia,MKD,2012,807,MKD,.38136518,MK,0
Republic of North Macedonia,MKD,2016,807,MKD,.3453469,MK,0
Republic of North Macedonia,MKD,2018,807,MKD,.32960701,MK,0
Republic of North Macedonia,MKD,2015,807,MKD,.3559466,MK,0
Romania,ROU,2019,642,ROU,.34804201,RO,0
Romania,ROU,2015,642,ROU,.35913891,RO,0
Romania,ROU,2009,642,ROU,.35564506,RO,0
Romania,ROU,2013,642,ROU,.36917716,RO,0
Romania,ROU,2014,642,ROU,.36011541,RO,0
Romania,ROU,2021,642,ROU,.33853894,RO,0
Romania,ROU,1992,642,ROU,.25461727,RO,0
Romania,ROU,2020,642,ROU,.3457247,RO,0
Romania,ROU,2010,642,ROU,.35472551,RO,0
Romania,ROU,1989,642,ROU,.23307304,RO,0
Romania,ROU,2011,642,ROU,.35871929,RO,0
Romania,ROU,2016,642,ROU,.34406933,RO,0
Romania,ROU,1994,642,ROU,.28200582,RO,0
Romania,ROU,2008,642,ROU,.36430252,RO,0
Romania,ROU,2006,642,ROU,.39644706,RO,0
Romania,ROU,1997,642,ROU,.30504426,RO,0
Romania,ROU,2017,642,ROU,.36016828,RO,0
Romania,ROU,2012,642,ROU,.36548272,RO,0
Romania,ROU,2007,642,ROU,.37548316,RO,0
Romania,ROU,2018,642,ROU,.35761502,RO,0
Romania,ROU,1995,642,ROU,.31158027,RO,0
Russian Federation (the),RUS,1993,643,RUS,.48375738,RU,0
Russian Federation (the),RUS,2005,643,RUS,.41265607,RU,0
Russian Federation (the),RUS,2003,643,RUS,.39971569,RU,0
Russian Federation (the),RUS,1998,643,RUS,.3813704,RU,0
Russian Federation (the),RUS,2020,643,RUS,.3602981,RU,0
Russian Federation (the),RUS,2017,643,RUS,.37239072,RU,0
Russian Federation (the),RUS,2014,643,RUS,.3988122,RU,0
Russian Federation (the),RUS,2002,643,RUS,.37283829,RU,0
Russian Federation (the),RUS,2011,643,RUS,.39749315,RU,0
Russian Federation (the),RUS,2000,643,RUS,.37092829,RU,0
Russian Federation (the),RUS,1999,643,RUS,.37443444,RU,0
Russian Federation (the),RUS,2012,643,RUS,.40714827,RU,0
Russian Federation (the),RUS,2001,643,RUS,.36925116,RU,0
Russian Federation (the),RUS,2015,643,RUS,.37740842,RU,0
Russian Federation (the),RUS,2007,643,RUS,.42272472,RU,0
Russian Federation (the),RUS,1996,643,RUS,.46103463,RU,0
Russian Federation (the),RUS,2016,643,RUS,.368485,RU,0
Russian Federation (the),RUS,2010,643,RUS,.39548978,RU,0
Russian Federation (the),RUS,2018,643,RUS,.37473005,RU,0
Russian Federation (the),RUS,2019,643,RUS,.37691438,RU,0
Russian Federation (the),RUS,2013,643,RUS,.40884423,RU,0
Russian Federation (the),RUS,2004,643,RUS,.40315843,RU,0
Russian Federation (the),RUS,2006,643,RUS,.40950951,RU,0
Russian Federation (the),RUS,2008,643,RUS,.41568586,RU,0
Russian Federation (the),RUS,2009,643,RUS,.39845601,RU,0
Russian Federation (the),RUS,1997,643,RUS,.38409233,RU,0
Rwanda,RWA,2013,646,RWA,.4511283,RW,0
Rwanda,RWA,2005,646,RWA,.52039415,RW,0
Rwanda,RWA,1984,646,,.28898594,RW,0
Rwanda,RWA,2016,646,RWA,.43710047,RW,0
Rwanda,RWA,2000,646,RWA,.48547274,RW,0
Rwanda,RWA,2010,646,RWA,.47222415,RW,0
Saint Lucia,LCA,1995,662,LCA,.42584381,LC,0
Saint Lucia,LCA,2015,662,LCA,.5123682,LC,0
Samoa,WSM,2013,882,WSM,.38743454,WS,0
Samoa,WSM,2008,882,WSM,.4204655,WS,0
Samoa,WSM,2002,882,WSM,.40735519,WS,0
Sao Tome and Principe,STP,2010,678,STP,.3082127,ST,0
Sao Tome and Principe,STP,2000,678,STP,.32125893,ST,0
Sao Tome and Principe,STP,2017,678,STP,.40729481,ST,0
Senegal,SEN,2001,686,SEN,.41229436,SN,0
Senegal,SEN,2021,686,SEN,.36157721,SN,0
Senegal,SEN,2018,686,SEN,.38314784,SN,0
Senegal,SEN,1994,686,SEN,.41440713,SN,0
Senegal,SEN,2011,686,SEN,.40285224,SN,0
Senegal,SEN,2005,686,SEN,.39222282,SN,0
Senegal,SEN,1991,686,SEN,.54137361,SN,0
Serbia,SRB,2018,688,SRB,.35018009,RS,0
Serbia,SRB,2017,688,SRB,.36151898,RS,0
Serbia,SRB,2015,688,SRB,.4051832,RS,0
Serbia,SRB,2019,688,SRB,.34488249,RS,0
Serbia,SRB,2012,688,SRB,.39924657,RS,0
Serbia,SRB,2021,688,SRB,.3313075,RS,0
Serbia,SRB,2013,688,SRB,.39490068,RS,0
Serbia,SRB,2016,688,SRB,.38832498,RS,0
Serbia,SRB,2014,688,SRB,.40494144,RS,0
Serbia,SRB,2020,688,SRB,.34952334,RS,0
Seychelles,SYC,2006,690,SYC,.42767617,SC,0
Seychelles,SYC,1999,690,SYC,.42776692,SC,0
Seychelles,SYC,2018,690,SYC,.32125321,SC,0
Seychelles,SYC,2013,690,SYC,.46822789,SC,0
Sierra Leone,SLE,2003,694,SLE,.40167731,SL,0
Sierra Leone,SLE,2018,694,SLE,.35690176,SL,0
Sierra Leone,SLE,2011,694,SLE,.34030241,SL,0
Slovakia,SVK,2015,703,SVK,.26491657,SK,0
Slovakia,SVK,2010,703,SVK,.27315721,SK,0
Slovakia,SVK,2006,703,SVK,.2579706,SK,0
Slovakia,SVK,2008,703,SVK,.26025474,SK,0
Slovakia,SVK,2014,703,SVK,.26106635,SK,0
Slovakia,SVK,2013,703,SVK,.28086209,SK,0
Slovakia,SVK,2018,703,SVK,.24970147,SK,0
Slovakia,SVK,2019,703,SVK,.23232324,SK,0
Slovakia,SVK,2012,703,SVK,.26116297,SK,0
Slovakia,SVK,2020,703,SVK,.24219492,SK,0
Slovakia,SVK,1996,703,SVK,.26277685,SK,0
Slovakia,SVK,2011,703,SVK,.26538378,SK,0
Slovakia,SVK,2021,703,SVK,.24110264,SK,0
Slovakia,SVK,2009,703,SVK,.27230981,SK,0
Slovakia,SVK,2007,703,SVK,.24665195,SK,0
Slovakia,SVK,2016,703,SVK,.25167745,SK,0
Slovakia,SVK,2004,703,SVK,.27076781,SK,0
Slovakia,SVK,2005,703,SVK,.29296494,SK,0
Slovakia,SVK,2017,703,SVK,.23237751,SK,0
Slovakia,SVK,1992,703,SVK,.20186578,SK,0
Slovenia,SVN,2018,705,SVN,.24633364,SI,0
Slovenia,SVN,2006,705,SVN,.24363928,SI,0
Slovenia,SVN,1987,705,SVN,.2359837,SI,0
Slovenia,SVN,2011,705,SVN,.24868034,SI,0
Slovenia,SVN,2007,705,SVN,.24354753,SI,0
Slovenia,SVN,2014,705,SVN,.25657535,SI,0
Slovenia,SVN,2012,705,SVN,.25585502,SI,0
Slovenia,SVN,1997,705,SVN,.24121501,SI,0
Slovenia,SVN,2005,705,SVN,.24634863,SI,0
Slovenia,SVN,2009,705,SVN,.24787736,SI,0
Slovenia,SVN,2013,705,SVN,.26241106,SI,0
Slovenia,SVN,2008,705,SVN,.23718019,SI,0
Slovenia,SVN,1999,705,SVN,.24042886,SI,0
Slovenia,SVN,2020,705,SVN,.24031529,SI,0
Slovenia,SVN,2021,705,SVN,.2428228,SI,0
Slovenia,SVN,2017,705,SVN,.24219307,SI,0
Slovenia,SVN,2019,705,SVN,.24384232,SI,0
Slovenia,SVN,2016,705,SVN,.24757937,SI,0
Slovenia,SVN,2015,705,SVN,.25408465,SI,0
Slovenia,SVN,2010,705,SVN,.24933259,SI,0
Slovenia,SVN,2004,705,SVN,.24790739,SI,0
Slovenia,SVN,1993,705,SVN,.29184991,SI,0
Solomon Islands,SLB,2005,090,SLB,.46096852,SB,0
Solomon Islands,SLB,2012,090,SLB,.37054926,SB,0
South Africa,ZAF,2014,710,ZAF,.63026071,ZA,0
South Africa,ZAF,1993,710,ZAF,.59333938,ZA,0
South Africa,ZAF,2000,710,ZAF,.57769662,ZA,0
South Africa,ZAF,2005,710,ZAF,.64762491,ZA,0
South Africa,ZAF,2008,710,ZAF,.63009,ZA,0
South Africa,ZAF,2010,710,ZAF,.63383186,ZA,0
South Sudan,SSD,2009,728,SSD,.46340659,SS,0
South Sudan,SSD,2016,728,SSD,.44144127,SS,0
Spain,ESP,2000,724,ESP,.34129852,ES,0
Spain,ESP,1998,724,ESP,.34582463,ES,0
Spain,ESP,2020,724,ESP,.3486563,ES,0
Spain,ESP,1995,724,ESP,.35727531,ES,0
Spain,ESP,1990,724,ESP,.3202374,ES,0
Spain,ESP,1993,724,ESP,.35660908,ES,0
Spain,ESP,2018,724,ESP,.34718949,ES,0
Spain,ESP,2011,724,ESP,.35698605,ES,0
Spain,ESP,2015,724,ESP,.3618142,ES,0
Spain,ESP,2013,724,ESP,.36185166,ES,0
Spain,ESP,2014,724,ESP,.36054415,ES,0
Spain,ESP,2004,724,ESP,.33305293,ES,0
Spain,ESP,2012,724,ESP,.3540633,ES,0
Spain,ESP,2009,724,ESP,.34926125,ES,0
Spain,ESP,1994,724,ESP,.35105494,ES,0
Spain,ESP,2016,724,ESP,.35759893,ES,0
Spain,ESP,2021,724,ESP,.33887583,ES,0
Spain,ESP,2005,724,ESP,.32435638,ES,0
Spain,ESP,1999,724,ESP,.33793756,ES,0
Spain,ESP,2008,724,ESP,.34221572,ES,0
Spain,ESP,2019,724,ESP,.34305838,ES,0
Spain,ESP,1980,724,ESP,.34483546,ES,0
Spain,ESP,1997,724,ESP,.35326269,ES,0
Spain,ESP,2007,724,ESP,.34138834,ES,0
Spain,ESP,1996,724,ESP,.36467546,ES,0
Spain,ESP,1985,724,ESP,.34431675,ES,0
Spain,ESP,2006,724,ESP,.33545226,ES,0
Spain,ESP,2010,724,ESP,.35246837,ES,0
Spain,ESP,2017,724,ESP,.34654546,ES,0
Spain,ESP,2003,724,ESP,.31804666,ES,0
Sri Lanka,LKA,2019,144,LKA,.37663776,LK,0
Sri Lanka,LKA,1990,144,LKA,.32447433,LK,0
Sri Lanka,LKA,2012,144,LKA,.38713607,LK,0
Sri Lanka,LKA,1995,144,LKA,.35399538,LK,0
Sri Lanka,LKA,2009,144,LKA,.36054152,LK,0
Sri Lanka,LKA,2006,144,LKA,.39669019,LK,0
Sri Lanka,LKA,2016,144,LKA,.39345774,LK,0
Sri Lanka,LKA,2002,144,LKA,.40171906,LK,0
Sri Lanka,LKA,1985,144,LKA,.32467854,LK,0
Sudan (the),SDN,2014,729,SDN,.34243196,SD,0
Sudan (the),SDN,2009,729,SDN,.35395336,SD,0
Suriname,SUR,1999,740,,.57851404,SR,0
Suriname,SUR,2022,740,SUR,.39179897,SR,0
Sweden,SWE,1995,752,SWE,.25236505,SE,0
Sweden,SWE,2010,752,SWE,.2773816,SE,0
Sweden,SWE,2003,752,SWE,.25269747,SE,0
Sweden,SWE,1981,752,SWE,.22923574,SE,0
Sweden,SWE,2019,752,SWE,.29305574,SE,0
Sweden,SWE,2020,752,SWE,.28871885,SE,0
Sweden,SWE,2015,752,SWE,.29210192,SE,0
Sweden,SWE,2012,752,SWE,.27645379,SE,0
Sweden,SWE,2014,752,SWE,.28389722,SE,0
Sweden,SWE,2004,752,SWE,.26142174,SE,0
Sweden,SWE,2021,752,SWE,.29767442,SE,0
Sweden,SWE,2001,752,SWE,.26545361,SE,0
Sweden,SWE,1987,752,SWE,.23057628,SE,0
Sweden,SWE,2006,752,SWE,.26352492,SE,0
Sweden,SWE,2013,752,SWE,.2882522,SE,0
Sweden,SWE,2016,752,SWE,.29562175,SE,0
Sweden,SWE,2011,752,SWE,.27606621,SE,0
Sweden,SWE,2002,752,SWE,.26216906,SE,0
Sweden,SWE,1975,752,SWE,.2428547,SE,0
Sweden,SWE,2000,752,SWE,.2696006,SE,0
Sweden,SWE,2018,752,SWE,.29974189,SE,0
Sweden,SWE,1992,752,SWE,.24908733,SE,0
Sweden,SWE,2007,752,SWE,.27116105,SE,0
Sweden,SWE,2005,752,SWE,.26825675,SE,0
Sweden,SWE,2009,752,SWE,.2734147,SE,0
Sweden,SWE,2008,752,SWE,.28121334,SE,0
Sweden,SWE,2017,752,SWE,.28774604,SE,0
Switzerland,CHE,2011,756,CHE,.3171362,CH,0
Switzerland,CHE,1982,756,CHE,.36007375,CH,0
Switzerland,CHE,2002,756,CHE,.31686732,CH,0
Switzerland,CHE,2008,756,CHE,.33794701,CH,0
Switzerland,CHE,2013,756,CHE,.32462189,CH,0
Switzerland,CHE,2018,756,CHE,.3314105,CH,0
Switzerland,CHE,2015,756,CHE,.32306957,CH,0
Switzerland,CHE,2006,756,CHE,.33918807,CH,0
Switzerland,CHE,2012,756,CHE,.31567127,CH,0
Switzerland,CHE,2000,756,CHE,.33431056,CH,0
Switzerland,CHE,2020,756,CHE,.33737928,CH,0
Switzerland,CHE,2016,756,CHE,.33042452,CH,0
Switzerland,CHE,2010,756,CHE,.32553029,CH,0
Switzerland,CHE,2017,756,CHE,.32676333,CH,0
Switzerland,CHE,1992,756,CHE,.33856407,CH,0
Switzerland,CHE,2019,756,CHE,.3399834,CH,0
Switzerland,CHE,2007,756,CHE,.34255534,CH,0
Switzerland,CHE,2014,756,CHE,.32525659,CH,0
Switzerland,CHE,2009,756,CHE,.32855856,CH,0
Syrian Arab Republic,SYR,2006,760,SYR,.40147251,SY,0
Syrian Arab Republic,SYR,2009,760,SYR,.40394777,SY,0
Syrian Arab Republic,SYR,2022,760,SYR,.26628095,SY,0
Syrian Arab Republic,SYR,2003,760,SYR,.37514603,SY,0
Syrian Arab Republic,SYR,1996,760,SYR,.35169381,SY,0
Taiwan (Province of China),TWN,2016,158,TWN,.31448635,TW,0
Taiwan (Province of China),TWN,2017,158,TWN,.31754693,TW,0
Taiwan (Province of China),TWN,2013,158,TWN,.32487386,TW,0
Taiwan (Province of China),TWN,2007,158,TWN,.32124567,TW,0
Taiwan (Province of China),TWN,1986,158,TWN,.29707956,TW,0
Taiwan (Province of China),TWN,2000,158,TWN,.31111476,TW,0
Taiwan (Province of China),TWN,2018,158,TWN,.31633675,TW,0
Taiwan (Province of China),TWN,2021,158,TWN,.31566375,TW,0
Taiwan (Province of China),TWN,2005,158,TWN,.32179585,TW,0
Taiwan (Province of China),TWN,1991,158,TWN,.29967803,TW,0
Taiwan (Province of China),TWN,1995,158,TWN,.31324142,TW,0
Taiwan (Province of China),TWN,1997,158,TWN,.30822107,TW,0
Taiwan (Province of China),TWN,1981,158,TWN,.29969484,TW,0
Taiwan (Province of China),TWN,2010,158,TWN,.33213326,TW,0
Taiwan (Province of China),TWN,2019,158,TWN,.31191921,TW,0
Taiwan (Province of China),TWN,2020,158,TWN,.31231022,TW,0
Tajikistan,TJK,2003,762,TJK,.32722694,TJ,0
Tajikistan,TJK,2015,762,TJK,.33995718,TJ,0
Tajikistan,TJK,2007,762,TJK,.32191613,TJ,0
Tajikistan,TJK,1999,762,TJK,.29543138,TJ,0
Tajikistan,TJK,2004,762,TJK,.33601949,TJ,0
Tajikistan,TJK,2009,762,TJK,.30774954,TJ,0
Tanzania,,2007,,TZA,.40279096,,0
Tanzania,,2011,,TZA,.37783149,,0
Tanzania,,2018,,TZA,.40491229,,0
Tanzania,,2000,,TZA,.37301129,,0
Tanzania,,1991,,TZA,.35292223,,0
Thailand,THA,1981,764,THA,.45216823,TH,0
Thailand,THA,1990,764,THA,.45265648,TH,0
Thailand,THA,1988,764,THA,.43838599,TH,0
Thailand,THA,2019,764,THA,.34855723,TH,0
Thailand,THA,1994,764,THA,.43470213,TH,0
Thailand,THA,2012,764,THA,.39256668,TH,0
Thailand,THA,2020,764,THA,.34985816,TH,0
Thailand,THA,2014,764,THA,.37032664,TH,0
Thailand,THA,2009,764,THA,.39601263,TH,0
Thailand,THA,2017,764,THA,.36382803,TH,0
Thailand,THA,1998,764,THA,.41455793,TH,0
Thailand,THA,2016,764,THA,.36890629,TH,0
Thailand,THA,2018,764,THA,.36412174,TH,0
Thailand,THA,2006,764,THA,.41819033,TH,0
Thailand,THA,2015,764,THA,.35987332,TH,0
Thailand,THA,2013,764,THA,.37847108,TH,0
Thailand,THA,1992,764,THA,.47857958,TH,0
Thailand,THA,2007,764,THA,.39761516,TH,0
Thailand,THA,2021,764,THA,.34923872,TH,0
Thailand,THA,2004,764,THA,.42540312,TH,0
Thailand,THA,1996,764,THA,.42904922,TH,0
Thailand,THA,2008,764,THA,.40288273,TH,0
Thailand,THA,2011,764,THA,.37459034,TH,0
Thailand,THA,2010,764,THA,.39402771,TH,0
Thailand,THA,2002,764,THA,.41944495,TH,0
Thailand,THA,2000,764,THA,.42833668,TH,0
Thailand,THA,1999,764,THA,.43091586,TH,0
Timor-Leste,TLS,2007,626,TLS,.27823317,TL,0
Timor-Leste,TLS,2001,626,TLS,.35935292,TL,0
Timor-Leste,TLS,2014,626,TLS,.28652927,TL,0
Togo,TGO,2021,768,TGO,.37858006,TG,0
Togo,TGO,2018,768,TGO,.42534238,TG,0
Togo,TGO,2006,768,TGO,.42212576,TG,0
Togo,TGO,2011,768,TGO,.46020582,TG,0
Togo,TGO,2015,768,TGO,.43056139,TG,0
Tonga,TON,2009,776,TON,.37496489,TO,0
Tonga,TON,2015,776,TON,.33521304,TO,0
Tonga,TON,2021,776,TON,.27095765,TO,0
Tonga,TON,2000,776,TON,.37690175,TO,0
Trinidad and Tobago,TTO,1988,780,TTO,.42601311,TT,0
Trinidad and Tobago,TTO,1992,780,TTO,.40272969,TT,0
Tunisia,TUN,1995,788,TUN,.41657296,TN,0
Tunisia,TUN,2015,788,TUN,.32815883,TN,0
Tunisia,TUN,2005,788,TUN,.37733382,TN,0
Tunisia,TUN,2010,788,TUN,.35808256,TN,0
Tunisia,TUN,2021,788,TUN,.33716425,TN,0
Tunisia,TUN,1990,788,TUN,.40235117,TN,0
Tunisia,TUN,2000,788,TUN,.40809479,TN,0
Tunisia,TUN,1985,788,TUN,.43433768,TN,0
Turkey,TUR,2014,792,TUR,.41236562,TR,0
Turkey,TUR,2004,792,TUR,.41287509,TR,0
Turkey,TUR,2003,792,TUR,.42184338,TR,0
Turkey,TUR,2006,792,TUR,.39647412,TR,0
Turkey,TUR,2019,792,TUR,.43833852,TR,0
Turkey,TUR,2021,792,TUR,.4436487,TR,0
Turkey,TUR,2016,792,TUR,.41873705,TR,0
Turkey,TUR,2015,792,TUR,.42854458,TR,0
Turkey,TUR,2009,792,TUR,.38965309,TR,0
Turkey,TUR,2010,792,TUR,.38785079,TR,0
Turkey,TUR,2011,792,TUR,.40039355,TR,0
Turkey,TUR,2017,792,TUR,.43531784,TR,0
Turkey,TUR,2007,792,TUR,.38442799,TR,0
Turkey,TUR,2018,792,TUR,.42441496,TR,0
Turkey,TUR,1994,792,TUR,.41315201,TR,0
Turkey,TUR,1987,792,TUR,.43477085,TR,0
Turkey,TUR,2005,792,TUR,.42614657,TR,0
Turkey,TUR,2008,792,TUR,.39020541,TR,0
Turkey,TUR,2012,792,TUR,.40168938,TR,0
Turkey,TUR,2013,792,TUR,.40178499,TR,0
Turkey,TUR,2020,792,TUR,.43045104,TR,0
Turkey,TUR,2002,792,TUR,.41396376,TR,0
Turkmenistan,TKM,1998,795,TKM,.40806928,TM,0
Tuvalu,TUV,2010,798,TUV,.39139032,TV,0
Uganda,UGA,2016,800,UGA,.42753693,UG,0
Uganda,UGA,2009,800,UGA,.4419556,UG,0
Uganda,UGA,1999,800,UGA,.43003753,UG,0
Uganda,UGA,1992,800,UGA,.41429362,UG,0
Uganda,UGA,2005,800,UGA,.42944741,UG,0
Uganda,UGA,2002,800,UGA,.45172325,UG,0
Uganda,UGA,1996,800,UGA,.39043719,UG,0
Uganda,UGA,1989,800,UGA,.44362718,UG,0
Uganda,UGA,2012,800,UGA,.41009966,UG,0
Uganda,UGA,2019,800,UGA,.42705452,UG,0
Ukraine,UKR,2012,804,UKR,.24740657,UA,0
Ukraine,UKR,2008,804,UKR,.26638231,UA,0
Ukraine,UKR,2018,804,UKR,.26071486,UA,0
Ukraine,UKR,1995,804,UKR,.39287537,UA,0
Ukraine,UKR,2010,804,UKR,.24818976,UA,0
Ukraine,UKR,2020,804,UKR,.25627363,UA,0
Ukraine,UKR,2015,804,UKR,.2545754,UA,0
Ukraine,UKR,2003,804,UKR,.28664893,UA,0
Ukraine,UKR,1996,804,UKR,.35155946,UA,0
Ukraine,UKR,2002,804,UKR,.29045695,UA,0
Ukraine,UKR,2004,804,UKR,.28934017,UA,0
Ukraine,UKR,1993,804,UKR,.28926983,UA,0
Ukraine,UKR,2017,804,UKR,.26049048,UA,0
Ukraine,UKR,2011,804,UKR,.24551843,UA,0
Ukraine,UKR,2013,804,UKR,.24554986,UA,0
Ukraine,UKR,2019,804,UKR,.26619467,UA,0
Ukraine,UKR,2009,804,UKR,.25316665,UA,0
Ukraine,UKR,2014,804,UKR,.24025366,UA,0
Ukraine,UKR,2016,804,UKR,.25002202,UA,0
Ukraine,UKR,1992,804,UKR,.29708922,UA,0
Ukraine,UKR,2005,804,UKR,.29020715,UA,0
Ukraine,UKR,2006,804,UKR,.29794392,UA,0
Ukraine,UKR,2007,804,UKR,.27012688,UA,0
United Arab Emirates (the),ARE,2013,784,ARE,.32510421,AE,0
United Kingdom of Great Britain and Northern Ireland (the),GBR,1998,826,GBR,.36621472,GB,0
United Kingdom of Great Britain and Northern Ireland (the),GBR,1993,826,GBR,.3507596,GB,0
United Kingdom of Great Britain and Northern Ireland (the),GBR,1995,826,GBR,.35516641,GB,0
United Kingdom of Great Britain and Northern Ireland (the),GBR,1988,826,GBR,.34272873,GB,0
United Kingdom of Great Britain and Northern Ireland (the),GBR,2013,826,GBR,.32699567,GB,0
United Kingdom of Great Britain and Northern Ireland (the),GBR,1994,826,GBR,.35978922,GB,0
United Kingdom of Great Britain and Northern Ireland (the),GBR,2000,826,GBR,.38848642,GB,0
United Kingdom of Great Britain and Northern Ireland (the),GBR,1971,826,GBR,.29293561,GB,0
United Kingdom of Great Britain and Northern Ireland (the),GBR,2020,826,GBR,.32645521,GB,0
United Kingdom of Great Britain and Northern Ireland (the),GBR,1976,826,GBR,.27589646,GB,0
United Kingdom of Great Britain and Northern Ireland (the),GBR,1968,826,GBR,.26841661,GB,0
United Kingdom of Great Britain and Northern Ireland (the),GBR,1974,826,GBR,.28957152,GB,0
United Kingdom of Great Britain and Northern Ireland (the),GBR,1970,826,GBR,.27964503,GB,0
United Kingdom of Great Britain and Northern Ireland (the),GBR,1983,826,GBR,.29786685,GB,0
United Kingdom of Great Britain and Northern Ireland (the),GBR,1978,826,GBR,.27235371,GB,0
United Kingdom of Great Britain and Northern Ireland (the),GBR,1991,826,GBR,.34962818,GB,0
United Kingdom of Great Britain and Northern Ireland (the),GBR,2003,826,GBR,.34856063,GB,0
United Kingdom of Great Britain and Northern Ireland (the),GBR,2010,826,GBR,.33705601,GB,0
United Kingdom of Great Britain and Northern Ireland (the),GBR,1969,826,GBR,.27904898,GB,0
United Kingdom of Great Britain and Northern Ireland (the),GBR,1990,826,GBR,.3574197,GB,0
United Kingdom of Great Britain and Northern Ireland (the),GBR,2001,826,GBR,.37086216,GB,0
United Kingdom of Great Britain and Northern Ireland (the),GBR,1992,826,GBR,.34955472,GB,0
United Kingdom of Great Britain and Northern Ireland (the),GBR,1997,826,GBR,.35735163,GB,0
United Kingdom of Great Britain and Northern Ireland (the),GBR,2011,826,GBR,.33191085,GB,0
United Kingdom of Great Britain and Northern Ireland (the),GBR,1986,826,GBR,.31919184,GB,0
United Kingdom of Great Britain and Northern Ireland (the),GBR,2006,826,GBR,.35879987,GB,0
United Kingdom of Great Britain and Northern Ireland (the),GBR,2015,826,GBR,.33311963,GB,0
United Kingdom of Great Britain and Northern Ireland (the),GBR,1999,826,GBR,.36783779,GB,0
United Kingdom of Great Britain and Northern Ireland (the),GBR,1973,826,GBR,.28810379,GB,0
United Kingdom of Great Britain and Northern Ireland (the),GBR,2021,826,GBR,.32415864,GB,0
United Kingdom of Great Britain and Northern Ireland (the),GBR,1996,826,GBR,.35295239,GB,0
United Kingdom of Great Britain and Northern Ireland (the),GBR,2007,826,GBR,.34413147,GB,0
United Kingdom of Great Britain and Northern Ireland (the),GBR,1975,826,GBR,.27880856,GB,0
United Kingdom of Great Britain and Northern Ireland (the),GBR,1977,826,GBR,.27141878,GB,0
United Kingdom of Great Britain and Northern Ireland (the),GBR,2005,826,GBR,.35485032,GB,0
United Kingdom of Great Britain and Northern Ireland (the),GBR,2018,826,GBR,.33691058,GB,0
United Kingdom of Great Britain and Northern Ireland (the),GBR,2002,826,GBR,.35146394,GB,0
United Kingdom of Great Britain and Northern Ireland (the),GBR,1989,826,GBR,.33354205,GB,0
United Kingdom of Great Britain and Northern Ireland (the),GBR,2009,826,GBR,.35137364,GB,0
United Kingdom of Great Britain and Northern Ireland (the),GBR,2017,826,GBR,.32609162,GB,0
United Kingdom of Great Britain and Northern Ireland (the),GBR,2008,826,GBR,.35445124,GB,0
United Kingdom of Great Britain and Northern Ireland (the),GBR,1987,826,GBR,.33853421,GB,0
United Kingdom of Great Britain and Northern Ireland (the),GBR,1972,826,GBR,.28776282,GB,0
United Kingdom of Great Britain and Northern Ireland (the),GBR,1985,826,GBR,.30419374,GB,0
United Kingdom of Great Britain and Northern Ireland (the),GBR,1982,826,GBR,.29903001,GB,0
United Kingdom of Great Britain and Northern Ireland (the),GBR,2012,826,GBR,.33090645,GB,0
United Kingdom of Great Britain and Northern Ireland (the),GBR,2014,826,GBR,.33140939,GB,0
United Kingdom of Great Britain and Northern Ireland (the),GBR,1979,826,GBR,.27432621,GB,0
United Kingdom of Great Britain and Northern Ireland (the),GBR,1980,826,GBR,.28477892,GB,0
United Kingdom of Great Britain and Northern Ireland (the),GBR,1981,826,GBR,.2968705,GB,0
United Kingdom of Great Britain and Northern Ireland (the),GBR,1984,826,GBR,.29166204,GB,0
United Kingdom of Great Britain and Northern Ireland (the),GBR,2019,826,GBR,.32825133,GB,0
United Kingdom of Great Britain and Northern Ireland (the),GBR,2004,826,GBR,.34834158,GB,0
United Kingdom of Great Britain and Northern Ireland (the),GBR,2016,826,GBR,.33109328,GB,0
United States of America (the),USA,1990,840,USA,.38262889,US,0
United States of America (the),USA,2018,840,USA,.41407844,US,0
United States of America (the),USA,1985,840,USA,.37641901,US,0
United States of America (the),USA,1970,840,USA,.36634982,US,0
United States of America (the),USA,1993,840,USA,.40364543,US,0
United States of America (the),USA,2007,840,USA,.40798569,US,0
United States of America (the),USA,1977,840,USA,.35505962,US,0
United States of America (the),USA,2000,840,USA,.40140685,US,0
United States of America (the),USA,1976,840,USA,.35562193,US,0
United States of America (the),USA,1975,840,USA,.35650107,US,0
United States of America (the),USA,1974,840,USA,.35478327,US,0
United States of America (the),USA,2002,840,USA,.40354446,US,0
United States of America (the),USA,2001,840,USA,.4059678,US,0
United States of America (the),USA,1965,840,USA,.37502176,US,0
United States of America (the),USA,2008,840,USA,.40812191,US,0
United States of America (the),USA,1983,840,USA,.37293357,US,0
United States of America (the),USA,2021,840,USA,.39751095,US,0
United States of America (the),USA,1986,840,USA,.37557536,US,0
United States of America (the),USA,1988,840,USA,.37705934,US,0
United States of America (the),USA,1967,840,USA,.36890209,US,0
United States of America (the),USA,1999,840,USA,.39985821,US,0
United States of America (the),USA,2011,840,USA,.40937114,US,0
United States of America (the),USA,2019,840,USA,.41535568,US,0
United States of America (the),USA,2014,840,USA,.41511607,US,0
United States of America (the),USA,2009,840,USA,.40610814,US,0
United States of America (the),USA,1994,840,USA,.39986804,US,0
United States of America (the),USA,2020,840,USA,.39683089,US,0
United States of America (the),USA,2003,840,USA,.4077259,US,0
United States of America (the),USA,2005,840,USA,.40965369,US,0
United States of America (the),USA,2012,840,USA,.4093686,US,0
United States of America (the),USA,1966,840,USA,.37786198,US,0
United States of America (the),USA,1964,840,USA,.38144752,US,0
United States of America (the),USA,2004,840,USA,.40253353,US,0
United States of America (the),USA,1973,840,USA,.36115494,US,0
United States of America (the),USA,1989,840,USA,.38238791,US,0
United States of America (the),USA,1979,840,USA,.34760424,US,0
United States of America (the),USA,1981,840,USA,.35489231,US,0
United States of America (the),USA,1982,840,USA,.36662114,US,0
United States of America (the),USA,1987,840,USA,.37197286,US,0
United States of America (the),USA,1998,840,USA,.3995361,US,0
United States of America (the),USA,2016,840,USA,.41121885,US,0
United States of America (the),USA,1980,840,USA,.347184,US,0
United States of America (the),USA,2006,840,USA,.41398576,US,0
United States of America (the),USA,1997,840,USA,.40525717,US,0
United States of America (the),USA,2015,840,USA,.41238779,US,0
United States of America (the),USA,2017,840,USA,.4118056,US,0
United States of America (the),USA,1991,840,USA,.38045916,US,0
United States of America (the),USA,1969,840,USA,.3601636,US,0
United States of America (the),USA,1968,840,USA,.36328971,US,0
United States of America (the),USA,1972,840,USA,.36664388,US,0
United States of America (the),USA,2013,840,USA,.40652013,US,0
United States of America (the),USA,1984,840,USA,.37345549,US,0
United States of America (the),USA,1978,840,USA,.34791657,US,0
United States of America (the),USA,1963,840,USA,.3760505,US,0
United States of America (the),USA,2010,840,USA,.40010712,US,0
United States of America (the),USA,1971,840,USA,.36919981,US,0
United States of America (the),USA,1996,840,USA,.40309733,US,0
United States of America (the),USA,1995,840,USA,.39854994,US,0
United States of America (the),USA,1992,840,USA,.38373882,US,0
Uruguay,URY,2022,858,URY,.40551895,UY,0
Uruguay,URY,2012,858,URY,.39900571,UY,0
Uruguay,URY,2007,858,URY,.46405134,UY,0
Uruguay,URY,2009,858,URY,.45541683,UY,0
Uruguay,URY,1981,858,,.4364543,UY,0
Uruguay,URY,1998,858,,.424824,UY,0
Uruguay,URY,2005,858,,.44727802,UY,0
Uruguay,URY,2001,858,,.45007685,UY,0
Uruguay,URY,2006,858,URY,.45941591,UY,0
Uruguay,URY,2003,858,,.45033833,UY,0
Uruguay,URY,2014,858,URY,.40111083,UY,0
Uruguay,URY,2011,858,URY,.42175317,UY,0
Uruguay,URY,1996,858,,.40751395,UY,0
Uruguay,URY,2020,858,URY,.40156105,UY,0
Uruguay,URY,2015,858,URY,.4012877,UY,0
Uruguay,URY,2016,858,URY,.39695501,UY,0
Uruguay,URY,2017,858,URY,.3946453,UY,0
Uruguay,URY,2018,858,URY,.3968724,UY,0
Uruguay,URY,2019,858,URY,.39676544,UY,0
Uruguay,URY,2000,858,,.42907137,UY,0
Uruguay,URY,1997,858,,.41456774,UY,0
Uruguay,URY,1989,858,,.4236936,UY,0
Uruguay,URY,2004,858,,.45881155,UY,0
Uruguay,URY,1992,858,,.41468138,UY,0
Uruguay,URY,2013,858,URY,.4045091,UY,0
Uruguay,URY,2008,858,URY,.45081779,UY,0
Uruguay,URY,2010,858,URY,.44475016,UY,0
Uruguay,URY,2002,858,,.45544374,UY,0
Uruguay,URY,2021,858,URY,.40777358,UY,0
Uruguay,URY,1995,858,,.4092668,UY,0
Uzbekistan,UZB,1998,860,UZB,.44673175,UZ,0
Uzbekistan,UZB,2003,860,UZB,.35268798,UZ,0
Uzbekistan,UZB,2002,860,UZB,.3304368,UZ,0
Uzbekistan,UZB,2022,860,UZB,.31184828,UZ,0
Uzbekistan,UZB,2000,860,UZB,.36102813,UZ,0
Vanuatu,VUT,2010,548,VUT,.37351298,VU,0
Vanuatu,VUT,2019,548,VUT,.32317576,VU,0
Venezuela (Bolivarian Republic of),VEN,1992,862,VEN,.4210355,VE,0
Venezuela (Bolivarian Republic of),VEN,2005,862,VEN,.49459177,VE,0
Venezuela (Bolivarian Republic of),VEN,2006,862,VEN,.44770497,VE,0
Venezuela (Bolivarian Republic of),VEN,1987,862,VEN,.53447968,VE,0
Venezuela (Bolivarian Republic of),VEN,1998,862,VEN,.48063782,VE,0
Venezuela (Bolivarian Republic of),VEN,2002,862,VEN,.49013415,VE,0
Venezuela (Bolivarian Republic of),VEN,2003,862,VEN,.48102319,VE,0
Venezuela (Bolivarian Republic of),VEN,1995,862,VEN,.47212258,VE,0
Venezuela (Bolivarian Republic of),VEN,1999,862,VEN,.4776229,VE,0
Venezuela (Bolivarian Republic of),VEN,1989,862,VEN,.43838274,VE,0
Venezuela (Bolivarian Republic of),VEN,1981,862,VEN,.55609864,VE,0
Venezuela (Bolivarian Republic of),VEN,2004,862,VEN,.47504124,VE,0
Venezuela (Bolivarian Republic of),VEN,2001,862,VEN,.47231421,VE,0
Viet Nam,VNM,2016,704,VNM,.35266739,VN,0
Viet Nam,VNM,1997,704,VNM,.35442206,VN,0
Viet Nam,VNM,2014,704,VNM,.34755376,VN,0
Viet Nam,VNM,2020,704,VNM,.36790165,VN,0
Viet Nam,VNM,2002,704,VNM,.37029624,VN,0
Viet Nam,VNM,2012,704,VNM,.35645887,VN,0
Viet Nam,VNM,1992,704,VNM,.3565456,VN,0
Viet Nam,VNM,2022,704,VNM,.36093006,VN,0
Viet Nam,VNM,2010,704,VNM,.39252725,VN,0
Viet Nam,VNM,2004,704,VNM,.36785832,VN,0
Viet Nam,VNM,2006,704,VNM,.35788617,VN,0
Viet Nam,VNM,2018,704,VNM,.35715547,VN,0
Viet Nam,VNM,2008,704,VNM,.35570312,VN,0
Yemen,YEM,2005,887,YEM,.34732336,YE,0
Yemen,YEM,1998,887,YEM,.34997785,YE,0
Yemen,YEM,2014,887,YEM,.36707094,YE,0
Zambia,ZMB,2002,894,ZMB,.42061925,ZM,0
Zambia,ZMB,2006,894,ZMB,.54617506,ZM,0
Zambia,ZMB,1993,894,ZMB,.52608609,ZM,0
Zambia,ZMB,1998,894,ZMB,.49133778,ZM,0
Zambia,ZMB,2010,894,ZMB,.52034676,ZM,0
Zambia,ZMB,2022,894,ZMB,.51520038,ZM,0
Zambia,ZMB,2015,894,ZMB,.55936635,ZM,0
Zambia,ZMB,1996,894,ZMB,.48333684,ZM,0
Zambia,ZMB,2004,894,ZMB,.54294783,ZM,0
Zambia,ZMB,1991,894,ZMB,.60506189,ZM,0
Zimbabwe,ZWE,2019,716,ZWE,.50256449,ZW,0
Zimbabwe,ZWE,2017,716,ZWE,.44337082,ZW,0
Zimbabwe,ZWE,2011,716,ZWE,.43153575,ZW,0
